시군구,번지,본번,부번,단지명,전용면적(㎡),계약년월,계약일,거래금액(만원),층,건축년도,도로명
서울특별시 강남구 개포동,141,141,0,개포주공 1단지,50.64,201902,1~10,"162,000",2,1982,개포로
서울특별시 강남구 개포동,187,187,0,개포주공 5단지,74.25,201902,11~20,"153,500",1,1983,삼성로4길
서울특별시 강남구 개포동,185,185,0,개포주공 6단지,60.13,201902,11~20,"130,000",5,1983,개포로
서울특별시 강남구 개포동,185,185,0,개포주공 7단지,60.76,201902,11~20,"130,500",9,1983,개포로
서울특별시 강남구 개포동,185,185,0,개포주공 7단지,53.46,201902,21~28,"114,000",14,1983,개포로
서울특별시 강남구 논현동,276-1,276,1,아크로힐스논현,84.208,201902,11~20,"158,000",2,2014,언주로
서울특별시 강남구 논현동,276-1,276,1,아크로힐스논현,84.074,201902,21~28,"150,000",4,2014,언주로
서울특별시 강남구 대치동,888,888,0,대치아이파크,149.78,201902,21~28,"257,000",5,2008,선릉로
서울특별시 강남구 대치동,670,670,0,동부센트레빌,121.74,201901,21~31,"256,000",16,2005,선릉로
서울특별시 강남구 대치동,670,670,0,동부센트레빌,161.47,201902,11~20,"310,000",22,2005,선릉로
서울특별시 강남구 대치동,316,316,0,은마,76.79,201901,21~31,"151,200",4,1979,삼성로
서울특별시 강남구 대치동,316,316,0,은마,84.43,201902,11~20,"169,000",8,1979,삼성로
서울특별시 강남구 대치동,316,316,0,은마,76.79,201902,11~20,"156,000",8,1979,삼성로
서울특별시 강남구 대치동,316,316,0,은마,84.43,201902,21~28,"166,000",5,1979,삼성로
서울특별시 강남구 대치동,316,316,0,은마,76.79,201902,21~28,"148,000",4,1979,삼성로
서울특별시 강남구 대치동,316,316,0,은마,76.79,201902,21~28,"154,000",5,1979,삼성로
서울특별시 강남구 대치동,902,902,0,포스코더샵,164.88,201902,21~28,"240,000",21,2004,삼성로
서울특별시 강남구 대치동,511,511,0,한보미도맨션2,126.33,201902,21~28,"228,000",10,1985,삼성로
서울특별시 강남구 도곡동,952,952,0,대우디오빌,25.89,201902,11~20,"25,500",13,2004,강남대로
서울특별시 강남구 도곡동,467,467,0,타워팰리스1,121.42,201902,21~28,"190,000",42,2002,언주로30길
서울특별시 강남구 도곡동,467-17,467,17,타워팰리스2,195.83,201902,11~20,"270,000",35,2003,언주로30길
서울특별시 강남구 도곡동,895-8,895,8,한신엠비씨,84.74,201902,1~10,"117,000",5,1988,논현로
서울특별시 강남구 삼성동,142-3,142,3,LG선릉에클라트(B),36.35,201902,11~20,"39,000",9,2004,테헤란로63길
서울특별시 강남구 삼성동,11,11,0,롯데캐슬프레미어,121.931,201902,21~28,"221,000",6,2007,선릉로126길
서울특별시 강남구 삼성동,101,101,0,삼성동에스케이뷰,84.52,201902,21~28,"139,000",5,2005,봉은사로109길
서울특별시 강남구 삼성동,02월 16일,16,2,삼성동힐스테이트 1단지,84.236,201902,11~20,"203,000",7,2008,학동로68길
서울특별시 강남구 삼성동,50,50,0,현대힐스테이트 2단지,84.349,201901,21~31,"200,000",5,2008,삼성로111길
서울특별시 강남구 수서동,708,708,0,삼익,60,201902,1~10,"102,500",14,1992,광평로51길
서울특별시 강남구 수서동,736,736,0,신동아,49.96,201902,11~20,"91,500",9,1992,광평로47길
서울특별시 강남구 신사동,606-2,606,2,신사 아크존2,135.72,201901,21~31,"80,000",4,2005,압구정로34길
서울특별시 강남구 압구정동,481,481,0,현대8차(성수현대:91~95동),111.5,201902,11~20,"204,500",4,1980,압구정로
서울특별시 강남구 역삼동,783-30,783,30,공간쉐르빌,43.27,201902,1~10,"35,700",3,2003,언주로63길
서울특별시 강남구 역삼동,826-29,826,29,역삼동우정에쉐르1,52.01,201902,11~20,"58,000",9,2004,테헤란로4길
서울특별시 강남구 역삼동,757,757,0,역삼래미안,59.4,201902,1~10,"126,000",11,2005,선릉로69길
서울특별시 강남구 역삼동,760-7,760,7,현대트라움,165.23,201901,21~31,"180,000",5,2002,언주로70길
서울특별시 강남구 일원동,735,735,0,가람,84.95,201902,11~20,"146,000",4,1993,일원로
서울특별시 강남구 일원동,731,731,0,한솔마을,84.73,201902,1~10,"140,000",5,1994,광평로10길
서울특별시 강남구 청담동,May-50,50,5,대우유로카운티,137.9,201902,21~28,"178,000",6,2004,도산대로92길
서울특별시 강남구 청담동,102-2,102,2,연세힐하우스1,177.58,201902,21~28,"207,000",6,2003,압구정로71길
서울특별시 강남구 청담동,134-38,134,38,청담자이,49.639,201901,21~31,"133,000",3,2011,영동대로138길
서울특별시 강남구 청담동,134-38,134,38,청담자이,82.365,201902,21~28,"208,000",24,2011,영동대로138길
서울특별시 강동구 강일동,695,695,0,강일리버파크10단지,84.53,201902,1~10,"65,000",6,2009,고덕로97길
서울특별시 강동구 강일동,695,695,0,강일리버파크10단지,84.53,201902,11~20,"64,500",8,2009,고덕로97길
서울특별시 강동구 강일동,673,673,0,강일리버파크4단지,84.83,201902,11~20,"60,000",4,2009,아리수로97길
서울특별시 강동구 강일동,701,701,0,강일리버파크8단지,84.83,201902,1~10,"67,000",7,2009,아리수로94길
서울특별시 강동구 고덕동,688,688,0,고덕래미안 힐스테이트아파트,84.94,201902,11~20,"114,500",28,2016,아리수로50길
서울특별시 강동구 고덕동,688,688,0,고덕래미안 힐스테이트아파트,84.94,201902,21~28,"107,000",32,2016,아리수로50길
서울특별시 강동구 길동,456-3,456,3,강동큐브,12.49,201902,11~20,"12,000",9,2013,천호대로175길
서울특별시 강동구 길동,456-4,456,4,다성이즈빌,23.39,201902,1~10,"38,800",12,2018,천호대로175길
서울특별시 강동구 길동,456-4,456,4,다성이즈빌,23.39,201902,11~20,"38,400",8,2018,천호대로175길
서울특별시 강동구 길동,456-4,456,4,다성이즈빌,15.96,201902,11~20,"15,800",15,2018,천호대로175길
서울특별시 강동구 길동,349-1,349,1,다성이즈빌(349-1),18.16,201902,1~10,"14,500",3,2012,천중로
서울특별시 강동구 길동,387-4,387,4,다성이즈빌(387-4),22.21,201902,1~10,"28,000",8,2018,천중로42길
서울특별시 강동구 길동,387-4,387,4,다성이즈빌(387-4),32.4,201902,1~10,"38,700",9,2018,천중로42길
서울특별시 강동구 길동,387-4,387,4,다성이즈빌(387-4),14.75,201902,1~10,"17,000",16,2018,천중로42길
서울특별시 강동구 길동,387-4,387,4,다성이즈빌(387-4),14.45,201902,1~10,"15,800",16,2018,천중로42길
서울특별시 강동구 길동,387-4,387,4,다성이즈빌(387-4),14.45,201902,1~10,"15,500",7,2018,천중로42길
서울특별시 강동구 길동,387-4,387,4,다성이즈빌(387-4),32.4,201902,1~10,"38,900",15,2018,천중로42길
서울특별시 강동구 길동,387-4,387,4,다성이즈빌(387-4),14.45,201902,1~10,"15,700",13,2018,천중로42길
서울특별시 강동구 길동,387-4,387,4,다성이즈빌(387-4),14.75,201902,11~20,"17,000",14,2018,천중로42길
서울특별시 강동구 길동,387-4,387,4,다성이즈빌(387-4),14.45,201902,11~20,"15,500",9,2018,천중로42길
서울특별시 강동구 길동,383-7,383,7,다오아트빌,74.47,201902,11~20,"41,500",7,2001,성안로
서울특별시 강동구 길동,365-1,365,1,라인,59.94,201902,11~20,"44,000",11,1998,천중로50길
서울특별시 강동구 길동,160,160,0,신동아,60.39,201902,21~28,"48,000",12,1983,천중로
서울특별시 강동구 길동,332,332,0,한전우성1,81.54,201902,11~20,"52,000",9,1989,천중로49길
서울특별시 강동구 둔촌동,435-3,435,3,광남캐스빌103동,84.75,201902,21~28,"60,000",2,2004,양재대로102길
서울특별시 강동구 둔촌동,170-1,170,1,둔촌주공1단지,88.43,201901,21~31,"150,000",4,1980,양재대로
서울특별시 강동구 둔촌동,174-1,174,1,둔촌주공3단지,70.87,201902,11~20,"123,000",2,1980,양재대로
서울특별시 강동구 둔촌동,170-1,170,1,둔촌주공4단지,97.72,201901,21~31,"135,000",5,1980,양재대로
서울특별시 강동구 둔촌동,170-1,170,1,둔촌주공4단지,99.61,201902,21~28,"148,000",1,1980,양재대로
서울특별시 강동구 둔촌동,546,546,0,신성둔촌미소지움1,109.73,201902,11~20,"77,000",15,1998,명일로
서울특별시 강동구 둔촌동,134-10,134,10,신성둔촌미소지움2,84.78,201902,11~20,"74,500",20,2000,진황도로
서울특별시 강동구 둔촌동,603,603,0,프라자,109.07,201902,1~10,"71,000",3,1984,천호대로
서울특별시 강동구 둔촌동,611,611,0,한솔솔파크,84.49,201902,21~28,"82,500",12,2003,천호대로198길
서울특별시 강동구 명일동,Dec-48,48,12,동양타워,94.47,201902,1~10,"51,800",5,1995,동남로71길
서울특별시 강동구 명일동,15,15,0,삼익그린2차,54.81,201902,21~28,"61,000",3,1983,고덕로
서울특별시 강동구 명일동,326-9,326,9,중앙,84.86,201902,11~20,"55,000",3,2001,상암로47길
서울특별시 강동구 명일동,56,56,0,현대(고덕),131.83,201902,21~28,"101,000",10,1986,동남로71길
서울특별시 강동구 상일동,490,490,0,고덕리엔파크3단지,84.83,201902,11~20,"77,000",8,2011,상일로
서울특별시 강동구 상일동,515,515,0,고덕숲아이파크,59.97,201902,1~10,"80,000",10,2018,고덕로80길
서울특별시 강동구 상일동,515,515,0,고덕숲아이파크,59.97,201902,11~20,"82,000",12,2018,고덕로80길
서울특별시 강동구 성내동,604,604,0,금광포란재,84.3,201902,11~20,"59,000",10,2007,천호옛14길
서울특별시 강동구 성내동,419-1,419,1,둔촌역청구,84.98,201902,21~28,"65,000",2,1999,풍성로
서울특별시 강동구 성내동,590,590,0,성내동삼성아파트,59.88,201902,1~10,"60,000",3,1999,풍성로
서울특별시 강동구 성내동,590,590,0,성내동삼성아파트,84.99,201902,11~20,"77,500",5,1999,풍성로
서울특별시 강동구 성내동,410-15,410,15,성내웰빙시티,59.79,201902,1~10,"52,000",2,2018,풍성로51길
서울특별시 강동구 성내동,295,295,0,성안마을청구,84.96,201902,1~10,"73,000",8,2002,풍성로
서울특별시 강동구 성내동,295,295,0,성안마을청구,59.93,201902,21~28,"53,200",4,2002,풍성로
서울특별시 강동구 성내동,443-24,443,24,오륜하이츠,133.01,201902,1~10,"59,000",2,2002,강동대로53길
서울특별시 강동구 성내동,592,592,0,원다빌2,67.17,201902,21~28,"48,400",9,2002,천호대로162길
서울특별시 강동구 성내동,420-9,420,9,태천,67.32,201901,21~31,"39,800",9,2001,풍성로52길
서울특별시 강동구 성내동,605,605,0,파라디아,84.92,201902,11~20,"68,000",1,2010,천호옛길
서울특별시 강동구 성내동,601,601,0,하나플러스2,84.99,201902,11~20,"73,600",8,2004,양재대로85길
서울특별시 강동구 암사동,488-3,488,3,다성이즈빌Ⅰ,84.84,201902,11~20,"41,800",2,2009,상암로23길
서울특별시 강동구 암사동,493-14,493,14,중앙하이츠,59.52,201902,21~28,"41,600",10,1998,올림픽로98가길
서울특별시 강동구 천호동,155-5,155,5,강동역두산위브센티움,59.96,201901,21~31,"51,000",11,2004,성안로
서울특별시 강동구 천호동,425-5,425,5,대우한강베네시티,114.63,201902,11~20,"75,500",21,2007,올림픽로
서울특별시 강동구 천호동,567,567,0,동구햇살아파트,91.16,201902,21~28,"48,000",7,2002,상암로41길
서울특별시 강동구 천호동,563,563,0,동아코아아파트,84.24,201902,11~20,"44,800",9,1997,구천면로
서울특별시 강동구 천호동,217-132,217,132,동아하이빌아파트,114.98,201902,21~28,"67,800",14,2000,구천면로
서울특별시 강동구 천호동,571,571,0,래미안강동팰리스,84.97,201902,1~10,"123,000",43,2017,천호대로
서울특별시 강동구 천호동,564,564,0,성원아파트,60,201902,21~28,"44,300",6,1998,진황도로31길
서울특별시 강동구 천호동,01월 19일,19,1,우성,84.93,201902,11~20,"60,000",13,1985,구천면로
서울특별시 강동구 천호동,361-1,361,1,제일아파트,59.49,201902,11~20,"39,500",6,1995,천중로12길
서울특별시 강동구 천호동,Apr-55,55,4,천호롯데아파트,59.99,201902,11~20,"40,500",16,1999,천중로
서울특별시 강동구 천호동,410-100,410,100,코오롱상가아파트,82.5,201902,11~20,"45,000",3,1988,진황도로
서울특별시 강북구 미아동,796,796,0,경남아너스빌,81.9853,201902,21~28,"51,500",6,2008,삼양로74길
서울특별시 강북구 미아동,4,4,0,꿈의숲롯데캐슬,104.53,201902,21~28,"81,000",3,2017,오현로
서울특별시 강북구 미아동,811,811,0,두산위브트레지움,59.54,201902,1~10,"52,000",16,2011,삼양로27길
서울특별시 강북구 미아동,811,811,0,두산위브트레지움,84.97,201902,1~10,"60,000",13,2011,삼양로27길
서울특별시 강북구 미아동,811,811,0,두산위브트레지움,59.54,201902,1~10,"55,000",2,2011,삼양로27길
서울특별시 강북구 미아동,813,813,0,래미안트리베라1단지,59.6,201902,21~28,"54,000",9,2010,삼양로19길
서울특별시 강북구 미아동,1354,1354,0,벽산라이브파크,60,201902,21~28,"35,600",2,2004,솔샘로
서울특별시 강북구 미아동,812,812,0,삼성래미안트리베라2단지,84.15,201902,1~10,"71,000",22,2010,삼양로27길
서울특별시 강북구 미아동,812,812,0,삼성래미안트리베라2단지,84.15,201902,21~28,"66,000",6,2010,삼양로27길
서울특별시 강북구 미아동,461,461,0,송천센트레빌,84.965,201902,11~20,"65,000",11,2010,숭인로
서울특별시 강북구 미아동,1353,1353,0,에스케이북한산시티,59.98,201901,21~31,"42,500",7,2004,솔샘로
서울특별시 강북구 미아동,1353,1353,0,에스케이북한산시티,59.98,201902,1~10,"42,000",19,2004,솔샘로
서울특별시 강북구 미아동,1353,1353,0,에스케이북한산시티,59.98,201902,11~20,"41,500",25,2004,솔샘로
서울특별시 강북구 미아동,1353,1353,0,에스케이북한산시티,59.98,201902,11~20,"45,800",12,2004,솔샘로
서울특별시 강북구 미아동,1353,1353,0,에스케이북한산시티,114.85,201902,11~20,"56,800",10,2004,솔샘로
서울특별시 강북구 미아동,160-3,160,3,푸르지오시티,18.6479,201902,1~10,"15,200",10,2014,도봉로
서울특별시 강북구 미아동,160-3,160,3,푸르지오시티,37.4389,201902,11~20,"26,000",18,2014,도봉로
서울특별시 강북구 미아동,160-3,160,3,푸르지오시티,18.6479,201902,11~20,"15,000",12,2014,도봉로
서울특별시 강북구 미아동,160-3,160,3,푸르지오시티,18.6479,201902,21~28,"15,250",10,2014,도봉로
서울특별시 강북구 미아동,190-2,190,2,현대(190-2),84.91,201902,21~28,"46,000",4,1992,도봉로68길
서울특별시 강북구 번동,136,136,0,번동솔그린,84.6,201902,11~20,"37,800",18,1999,한천로109길
서울특별시 강북구 번동,136,136,0,번동솔그린,59.82,201902,11~20,"30,300",16,1999,한천로109길
서울특별시 강북구 번동,136,136,0,번동솔그린,59.82,201902,11~20,"31,100",12,1999,한천로109길
서울특별시 강북구 번동,470-1,470,1,삼성,59.77,201902,1~10,"35,000",11,1998,도봉로98길
서울특별시 강북구 번동,204,204,0,신원,59.96,201902,11~20,"29,000",4,2000,월계로37길
서울특별시 강북구 번동,138,138,0,한솔솔파크,84.88,201902,11~20,"43,000",4,2005,오현로
서울특별시 강북구 수유동,562-4,562,4,진안골드밸리,136.75,201901,21~31,"45,500",5,2001,4.19로11길
서울특별시 강북구 수유동,Jul-51,51,7,태솔타워,68.6,201902,11~20,"35,000",6,2010,도봉로71가길
서울특별시 강북구 수유동,461-13,461,13,화계맨숀,58.51,201902,21~28,"13,900",1,1975,덕릉로
서울특별시 강서구 가양동,1485,1485,0,가양6단지,49.5,201901,21~31,"50,500",3,1992,허준로
서울특별시 강서구 가양동,1475,1475,0,강변,34.44,201902,11~20,"36,500",7,1992,허준로
서울특별시 강서구 가양동,1475,1475,0,강변,34.44,201902,11~20,"34,900",5,1992,허준로
서울특별시 강서구 가양동,1475,1475,0,강변,49.5,201902,11~20,"51,000",9,1992,허준로
서울특별시 강서구 내발산동,759,759,0,마곡수명산파크6단지,84.68,201901,21~31,"72,000",9,2007,수명로2길
서울특별시 강서구 내발산동,756,756,0,마곡수명산파크7단지,84.82,201902,21~28,"60,000",11,2008,수명로2가길
서울특별시 강서구 등촌동,691-1,691,1,동성,101.88,201902,1~10,"70,400",5,1995,강서로68길
서울특별시 강서구 등촌동,691-3,691,3,부영,80.64,201902,11~20,"67,000",13,1994,강서로56나길
서울특별시 강서구 등촌동,562-5,562,5,임광,59.34,201902,21~28,"43,700",7,2000,등촌로
서울특별시 강서구 마곡동,748,748,0,마곡13단지힐스테이트마스터,59.9825,201902,1~10,"83,000",3,2017,마곡중앙1로
서울특별시 강서구 마곡동,746-1,746,1,마곡엠밸리12단지,84.89,201902,11~20,"101,000",6,2016,공항대로
서울특별시 강서구 마곡동,741,741,0,마곡엠밸리8단지,59.79,201902,21~28,"89,500",9,2016,마곡서1로
서울특별시 강서구 마곡동,750,750,0,마곡엠벨리(14단지),84.88,201901,21~31,"90,000",4,2014,마곡중앙로
서울특별시 강서구 마곡동,751,751,0,마곡엠벨리(15단지),84.88,201902,11~20,"90,000",6,2014,마곡중앙로
서울특별시 강서구 마곡동,422,422,0,신안,59.98,201902,11~20,"65,000",6,1993,양천로30길
서울특별시 강서구 방화동,874,874,0,대림e-편한세상,84.67,201902,21~28,"62,000",13,2003,양천로6길
서울특별시 강서구 방화동,839,839,0,방화그린,39.76,201902,1~10,"30,500",8,1993,방화대로48길
서울특별시 강서구 방화동,839,839,0,방화그린,49.77,201902,11~20,"40,800",13,1993,방화대로48길
서울특별시 강서구 방화동,903,903,0,신세계아파트,64.46,201901,21~31,"35,300",3,2018,양천로10길
서울특별시 강서구 방화동,841,841,0,장미,39.96,201902,11~20,"31,000",6,1994,양천로
서울특별시 강서구 방화동,832,832,0,청솔,49.2,201902,11~20,"33,000",6,1994,방화대로47길
서울특별시 강서구 방화동,547-11,547,11,한오,47.06,201901,21~31,"21,000",1,1988,양천로14길
서울특별시 강서구 방화동,579,579,0,한진로즈힐,59.92,201902,11~20,"45,000",7,2004,양천로24가길
서울특별시 강서구 염창동,292,292,0,동아,59.97,201901,21~31,"51,000",8,1998,양천로69길
서울특별시 강서구 염창동,255,255,0,무학,84.64,201902,11~20,"63,500",11,1999,양천로77길
서울특별시 강서구 염창동,305,305,0,염창1차보람더하임,84.98,201902,21~28,"73,500",6,2008,양천로
서울특별시 강서구 염창동,281-22,281,22,염창1차한화꿈에그린,84.93,201902,11~20,"91,000",5,2005,공항대로75길
서울특별시 강서구 염창동,302,302,0,염창2차한화꿈에그린,59.99,201902,11~20,"62,000",8,2006,공항대로63길
서울특별시 강서구 염창동,288,288,0,현대1,84.77,201902,21~28,"58,800",11,1994,양천로75길
서울특별시 강서구 염창동,291,291,0,현대3,59.92,201902,11~20,"47,000",15,1996,양천로75길
서울특별시 강서구 화곡동,1071-19,1071,19,강서뉴타워,83.13,201901,21~31,"40,000",7,2013,화곡로18길
서울특별시 강서구 화곡동,1071-19,1071,19,강서뉴타워,78.93,201902,1~10,"41,000",4,2013,화곡로18길
서울특별시 강서구 화곡동,1071-19,1071,19,강서뉴타워,78.93,201902,11~20,"42,000",5,2013,화곡로18길
서울특별시 강서구 화곡동,1071-19,1071,19,강서뉴타워,82.88,201902,11~20,"42,500",15,2013,화곡로18길
서울특별시 강서구 화곡동,1071-19,1071,19,강서뉴타워,78.93,201902,11~20,"41,000",2,2013,화곡로18길
서울특별시 강서구 화곡동,1161,1161,0,강서동도센트리움,14.677,201901,21~31,"10,100",7,2012,공항대로46길
서울특별시 강서구 화곡동,917-5,917,5,남광아파트,45.47,201902,21~28,"24,000",5,2015,곰달래로22길
서울특별시 강서구 화곡동,361-1,361,1,대림,84.84,201902,11~20,"41,000",2,1992,월정로
서울특별시 강서구 화곡동,361-1,361,1,대림,110.26,201902,21~28,"41,000",2,1992,월정로
서울특별시 강서구 화곡동,918-14,918,14,도양라비앙아파트,48.88,201902,21~28,"28,400",2,2016,곰달래로22길
서울특별시 강서구 화곡동,924-1,924,1,리치아파트,19.81,201902,21~28,"22,000",8,2018,월정로20길
서울특별시 강서구 화곡동,924-1,924,1,리치아파트,20.61,201902,21~28,"22,500",8,2018,월정로20길
서울특별시 강서구 화곡동,343-35,343,35,성재센트리움아파트(343-35),25.52,201902,21~28,"19,700",8,2015,곰달래로23길
서울특별시 강서구 화곡동,392-58,392,58,에이원,49.81,201902,21~28,"23,000",1,2005,강서로12길
서울특별시 강서구 화곡동,1145,1145,0,우장산롯데캐슬,177.86,201902,21~28,"104,500",14,2003,공항대로
서울특별시 강서구 화곡동,1159,1159,0,"우장산아이파크,이편한세상",84.97,201902,21~28,"90,000",20,2008,강서로
서울특별시 강서구 화곡동,919-1,919,1,유림노르웨이숲(919-1),64.05,201902,21~28,"32,200",3,2004,곰달래로
서울특별시 강서구 화곡동,894-9,894,9,은하센트리움,34.29,201902,11~20,"18,700",5,2013,강서로8길
서울특별시 강서구 화곡동,914-3,914,3,일성스카이빌,59.96,201902,11~20,"25,400",10,2001,강서로5나길
서울특별시 강서구 화곡동,351-89,351,89,중앙화곡하이츠,56.88,201902,1~10,"25,700",11,1988,강서로17가길
서울특별시 강서구 화곡동,887-11,887,11,태승,77.5,201902,11~20,"34,500",6,2003,국회대로7길
서울특별시 강서구 화곡동,925-26,925,26,트리움팰리스,21.7,201902,11~20,"10,700",5,2013,월정로20길
서울특별시 강서구 화곡동,924-14,924,14,프라임주택,49.75,201902,1~10,"28,500",6,2016,강서로7길
서울특별시 강서구 화곡동,899-8,899,8,한울아파트,29.98,201902,21~28,"25,200",4,2018,강서로7길
서울특별시 강서구 화곡동,461-4,461,4,화곡예다움,64.21,201902,21~28,"28,300",3,2005,등촌로13자길
서울특별시 관악구 남현동,1136,1136,0,남현동한일유앤아이,127.84,201902,11~20,"70,200",7,2005,남부순환로256라길
서울특별시 관악구 봉천동,1717,1717,0,관악푸르지오,59.58,201902,1~10,"57,000",10,2004,관악로30길
서울특별시 관악구 봉천동,1717,1717,0,관악푸르지오,84.2,201902,1~10,"70,000",9,2004,관악로30길
서울특별시 관악구 봉천동,1717,1717,0,관악푸르지오,59.58,201902,21~28,"56,500",17,2004,관악로30길
서울특별시 관악구 봉천동,1629-2,1629,2,동아타운,32.76,201902,1~10,"27,000",3,1999,봉천로
서울특별시 관악구 봉천동,1718,1718,0,벽산블루밍,59.99,201902,11~20,"49,500",15,2005,은천로
서울특별시 관악구 봉천동,1718,1718,0,벽산블루밍,101.95,201902,11~20,"59,900",1,2005,은천로
서울특별시 관악구 봉천동,1718,1718,0,벽산블루밍,101.95,201902,21~28,"71,300",14,2005,은천로
서울특별시 관악구 봉천동,869-6,869,6,서울대역마에스트로,19.46,201902,1~10,"18,600",15,2012,남부순환로218길
서울특별시 관악구 봉천동,869-6,869,6,서울대역마에스트로,25.41,201902,1~10,"19,500",20,2012,남부순환로218길
서울특별시 관악구 봉천동,867-9,867,9,서울대역해담채,12.27,201902,11~20,"13,500",6,2012,관악로15길
서울특별시 관악구 봉천동,1706,1706,0,우성,59.76,201902,11~20,"52,500",18,2000,관악로30길
서울특별시 관악구 봉천동,1021,1021,0,일두(1021),38.92,201902,21~28,"21,000",3,1985,은천로39길
서울특별시 관악구 봉천동,867-12,867,12,프라비다2,15.98,201902,1~10,"16,400",12,2013,남부순환로218길
서울특별시 관악구 봉천동,867-12,867,12,프라비다2,31.9,201902,21~28,"28,500",10,2013,남부순환로218길
서울특별시 관악구 신림동,1703-1,1703,1,LIG 대학마을,69.17,201901,21~31,"46,000",8,1996,신림로3길
서울특별시 관악구 신림동,1644,1644,0,강남,42.35,201902,1~10,"38,500",3,1974,조원로
서울특별시 관악구 신림동,1644,1644,0,강남,42.35,201902,21~28,"35,000",6,1974,조원로
서울특별시 관악구 신림동,746-43,746,43,건영1,60.27,201902,21~28,"42,500",10,1984,문성로
서울특별시 관악구 신림동,746-43,746,43,건영1,60.27,201902,21~28,"42,000",7,1984,문성로
서울특별시 관악구 신림동,721-2,721,2,건영2,43.92,201901,21~31,"23,750",12,1988,난곡로35길
서울특별시 관악구 신림동,721-2,721,2,건영2,43.92,201902,11~20,"25,600",4,1988,난곡로35길
서울특별시 관악구 신림동,1656,1656,0,라이프미성,91.24,201902,11~20,"53,500",10,1982,조원로2길
서울특별시 관악구 신림동,1718,1718,0,보라매갑을,74.7,201902,21~28,"50,500",15,2003,관천로24길
서울특별시 관악구 신림동,1739,1739,0,보라매스카이아파트(1739),74.5,201902,1~10,"41,000",5,2016,관천로18길
서울특별시 관악구 신림동,497-5,497,5,보라매해담채,12.89,201902,21~28,"12,500",7,2012,신사로
서울특별시 관악구 신림동,1714,1714,0,삼성산주공(주공3단지),58.55,201902,11~20,"35,000",3,2000,호암로
서울특별시 관악구 신림동,1714,1714,0,삼성산주공(주공3단지),58.55,201902,11~20,"37,200",19,2000,호암로
서울특별시 관악구 신림동,1694,1694,0,신림현대,82.2,201902,21~28,"59,000",11,1993,신림로29길
서울특별시 관악구 신림동,534-1,534,1,아데나,17.94,201901,21~31,"10,500",2,2010,신사로
서울특별시 관악구 신림동,1715,1715,0,우방,59.74,201902,21~28,"40,250",20,1999,관천로27길
서울특별시 관악구 신림동,Mar-86,86,3,청암두산위브센티움,98.31,201902,1~10,"61,000",14,2005,신림로
서울특별시 관악구 신림동,1563-2,1563,2,태양,48.99,201902,11~20,"14,500",3,2000,미성길
서울특별시 광진구 광장동,453-1,453,1,삼성광장2,69.06,201902,11~20,"79,000",8,1989,아차산로
서울특별시 광진구 광장동,148-4,148,4,워커힐푸르지오,69,201902,21~28,"78,000",10,1987,아차산로78길
서울특별시 광진구 구의동,547-7,547,7,광진해모로리버뷰,109.45,201902,11~20,"93,000",8,2009,강변역로4길
서울특별시 광진구 구의동,611,611,0,구의현대2단지,84.91,201902,11~20,"89,900",16,1996,광나루로56길
서울특별시 광진구 구의동,610,610,0,구의현대6단지,84.92,201901,21~31,"88,000",9,1994,구의강변로
서울특별시 광진구 구의동,58-26,58,26,아차산인앤인W클래스101동,118.81,201902,21~28,"67,300",2,2007,천호대로137길
서울특별시 광진구 구의동,662,662,0,아차산한라아파트,60.39,201902,1~10,"44,700",3,2009,영화사로16길
서울특별시 광진구 구의동,631-1,631,1,현대프라임,126.66,201902,11~20,"140,000",18,1997,광나루로56길
서울특별시 광진구 구의동,631-1,631,1,현대프라임,84.99,201902,11~20,"70,000",6,1997,광나루로56길
서울특별시 광진구 군자동,358-9,358,9,동양파라곤(2),81.17,201901,21~31,"65,000",13,2008,광나루로
서울특별시 광진구 자양동,779-8,779,8,(779-8),84.92,201902,21~28,"71,000",16,2006,자양로
서울특별시 광진구 자양동,624-45,624,45,대원캐슬빌,48.46,201902,11~20,"29,000",2,2012,자양로13가길
서울특별시 광진구 자양동,227-7,227,7,더샵스타시티,139.6,201902,11~20,"125,000",8,2007,아차산로
서울특별시 광진구 자양동,227-7,227,7,더샵스타시티,100.32,201902,11~20,"119,000",38,2007,아차산로
서울특별시 광진구 자양동,227-7,227,7,더샵스타시티,139.6,201902,11~20,"135,000",12,2007,아차산로
서울특별시 광진구 자양동,783-1,783,1,자양우성7,59.94,201902,1~10,"74,000",8,1998,아차산로36길
서울특별시 광진구 자양동,24-31,24,31,청정(B),64.98,201902,11~20,"47,500",7,2004,아차산로22길
서울특별시 광진구 중곡동,133-9,133,9,대영2동,84.91,201902,1~10,"52,000",2,2002,용마산로1길
서울특별시 광진구 화양동,113-1,113,1,광진코지웰,16.53,201902,11~20,"17,500",6,2014,능동로19길
서울특별시 광진구 화양동,113-1,113,1,광진코지웰,18.63,201902,11~20,"18,400",9,2014,능동로19길
서울특별시 광진구 화양동,113-1,113,1,광진코지웰,14,201902,11~20,"16,300",3,2014,능동로19길
서울특별시 구로구 개봉동,492,492,0,개봉푸르지오,84.94,201902,11~20,"62,600",19,2014,남부순환로
서울특별시 구로구 개봉동,361-1,361,1,개봉프라자,81.7,201902,11~20,"24,700",7,1993,개봉로3길
서울특별시 구로구 개봉동,361-1,361,1,개봉프라자,112.9,201902,21~28,"30,000",5,1993,개봉로3길
서울특별시 구로구 개봉동,270-80,270,80,거성,47.52,201902,11~20,"15,600",2,1988,개봉로15길
서울특별시 구로구 개봉동,Dec-70,70,12,동도센트리움(70-12),116.276,201902,11~20,"40,000",10,2002,고척로22길
서울특별시 구로구 개봉동,333-6,333,6,비젼,65.73,201902,11~20,"18,100",4,2000,개봉로17마길
서울특별시 구로구 개봉동,470,470,0,삼환,59.4,201902,1~10,"38,500",8,1995,남부순환로95길
서울특별시 구로구 개봉동,170-30,170,30,신개봉삼환,84.99,201902,21~28,"45,400",10,2001,경인로38길
서울특별시 구로구 개봉동,488,488,0,영화 아이닉스,65.71,201902,21~28,"41,900",23,2005,개봉로1길
서울특별시 구로구 개봉동,476,476,0,한마을,123.46,201902,21~28,"67,000",15,1999,경인로
서울특별시 구로구 개봉동,476,476,0,한마을,123.46,201902,21~28,"68,000",22,1999,경인로
서울특별시 구로구 개봉동,478,478,0,한진,84.96,201902,1~10,"52,000",19,2000,개봉로3길
서울특별시 구로구 개봉동,478,478,0,한진,59.95,201902,11~20,"41,400",18,2000,개봉로3길
서울특별시 구로구 고척동,343,343,0,고척월드메르디앙,84.93,201902,21~28,"51,000",8,2011,중앙로8길
서울특별시 구로구 고척동,296,296,0,대우,114.95,201902,21~28,"47,000",1,1999,고척로52길
서울특별시 구로구 고척동,Sep-57,57,9,산업인,48.04,201902,21~28,"18,000",3,1976,경인로47다길
서울특별시 구로구 고척동,320,320,0,센츄리,84.56,201902,1~10,"43,800",4,1994,중앙로12길
서울특별시 구로구 고척동,337,337,0,한일유앤아이,84.98,201902,11~20,"43,400",8,2005,중앙로15길
서울특별시 구로구 구로동,770-52,770,52,(770-52),38.92,201902,21~28,"12,750",2,1996,구로동로22길
서울특별시 구로구 구로동,771-30,771,30,(771-30),30.48,201902,11~20,"10,500",3,1996,구로동로18길
서울특별시 구로구 구로동,777-3,777,3,(777-3)두암호은리버빌,54.02,201902,11~20,"22,300",2,2002,디지털로27라길
서울특별시 구로구 구로동,797-19,797,19,(797-19),35.58,201902,21~28,"9,000",1,1995,디지털로27라길
서울특별시 구로구 구로동,807-26,807,26,(807-26),70.16,201902,21~28,"19,500",5,1996,구로동로12길
서울특별시 구로구 구로동,801-9,801,9,801-9,42.78,201902,11~20,"13,800",2,1997,도림로
서울특별시 구로구 구로동,317-8,317,8,골드마인(가동),71.94,201902,21~28,"31,300",1,2004,가마산로20다길
서울특별시 구로구 구로동,1265,1265,0,구로두산,44.64,201902,11~20,"31,000",12,1998,도림로
서울특별시 구로구 구로동,806-9,806,9,구로아트빌라3동,59.94,201901,21~31,"19,000",3,1997,도림로3길
서울특별시 구로구 구로동,1287,1287,0,구로지웰,59.651,201902,11~20,"39,700",4,2011,구로동로28길
서울특별시 구로구 구로동,1259,1259,0,구일우성,84.49,201902,11~20,"46,000",5,1998,구일로2길
서울특별시 구로구 구로동,1273,1273,0,대림아르빌,84.76,201902,11~20,"50,500",13,2003,도림천로12길
서울특별시 구로구 구로동,1273,1273,0,대림아르빌,84.76,201902,11~20,"49,500",3,2003,도림천로12길
서울특별시 구로구 구로동,107-1,107,1,대림역대성스카이렉스,73.2,201902,21~28,"44,500",16,2006,공원로
서울특별시 구로구 구로동,1257,1257,0,럭키,71.4,201902,21~28,"45,500",10,1992,도림로
서울특별시 구로구 구로동,1263,1263,0,롯데,59.96,201902,1~10,"52,000",20,1999,새말로
서울특별시 구로구 구로동,104-8,104,8,비즈트위트 레드,20.84,201902,1~10,"18,300",6,2016,가마산로
서울특별시 구로구 구로동,256-1,256,1,삼성래미안,109.651,201902,11~20,"77,000",10,2004,디지털로31길
서울특별시 구로구 구로동,108-2,108,2,새솔금호,84.89,201902,1~10,"43,000",9,1996,공원로
서울특별시 구로구 구로동,108-2,108,2,새솔금호,84.89,201902,1~10,"46,000",21,1996,공원로
서울특별시 구로구 구로동,108-2,108,2,새솔금호,59.9,201902,21~28,"35,000",9,1996,공원로
서울특별시 구로구 구로동,145-23,145,23,성락,57.33,201902,11~20,"30,000",7,1988,도림로20길
서울특별시 구로구 구로동,1275,1275,0,성삼하이츠,58.58,201901,21~31,"34,500",5,2004,구로중앙로18길
서울특별시 구로구 구로동,104-9,104,9,성호메이플라워멤버스빌,31.76,201902,1~10,"16,000",13,2002,가마산로
서울특별시 구로구 구로동,104-9,104,9,성호메이플라워멤버스빌,41.4,201902,1~10,"19,000",9,2002,가마산로
서울특별시 구로구 구로동,Jan-43,43,1,신도림로제리움,16.92,201902,11~20,"13,900",16,2012,공원로8길
서울특별시 구로구 구로동,1267,1267,0,신도림태영타운,84.87,201902,11~20,"71,900",5,2000,새말로
서울특별시 구로구 구로동,108-4,108,4,아스타빌,67.97,201902,21~28,"32,100",8,2004,가마산로27길
서울특별시 구로구 구로동,1279,1279,0,우민늘푸른,84.702,201902,11~20,"49,800",2,2004,도림로20길
서울특별시 구로구 구로동,110-9,110,9,우원그린빌,84.206,201902,1~10,"33,800",2,2001,구로중앙로28다길
서울특별시 구로구 구로동,685-223,685,223,주공2,32.39,201901,21~31,"35,000",1,1987,구일로4길
서울특별시 구로구 구로동,642-9,642,9,한신,35.277,201901,21~31,"27,000",3,1988,구일로8길
서울특별시 구로구 구로동,685-70,685,70,현대연예인,54.86,201902,11~20,"39,500",8,1989,구일로4길
서울특별시 구로구 구로동,108,108,0,현대파크빌,138.358,201902,11~20,"42,000",20,1999,공원로
서울특별시 구로구 궁동,236-4,236,4,뉴파인,71.43,201902,11~20,"29,800",6,2007,오리로21길
서울특별시 구로구 궁동,143,143,0,다청림102동(143-0),84.09,201902,21~28,"34,500",2,2012,오리로22나길
서울특별시 구로구 신도림동,642,642,0,대림2,134.99,201902,1~10,"87,000",23,2001,신도림로
서울특별시 구로구 신도림동,642,642,0,대림2,84.95,201902,11~20,"69,500",27,2001,신도림로
서울특별시 구로구 신도림동,692,692,0,디큐브시티,84.96,201902,21~28,"95,000",46,2011,경인로
서울특별시 구로구 신도림동,290,290,0,미성,66.03,201901,21~31,"46,000",6,1987,신도림로11가길
서울특별시 구로구 신도림동,695,695,0,신도림 아르디에,18.79,201902,21~28,"22,100",5,2018,경인로66길
서울특별시 구로구 신도림동,435-10,435,10,신도림3차푸르지오,82.8,201902,21~28,"75,000",3,2007,경인로
서울특별시 구로구 신도림동,412-3,412,3,신도림팰러티움,84.94,201902,1~10,"52,800",3,2006,경인로
서울특별시 구로구 신도림동,640,640,0,신성은하수,84.42,201901,21~31,"60,000",5,1997,경인로66길
서울특별시 구로구 신도림동,640,640,0,신성은하수,84.97,201902,21~28,"60,000",5,1997,경인로66길
서울특별시 구로구 오류동,335,335,0,금강,84.96,201902,1~10,"28,000",3,1996,서해안로34가길
서울특별시 구로구 오류동,356,356,0,다청림,15.57,201902,21~28,"10,000",1,2013,서해안로
서울특별시 구로구 오류동,338,338,0,동부골든,105.21,201902,1~10,"41,000",1,1998,고척로
서울특별시 구로구 오류동,338,338,0,동부골든,59.94,201902,21~28,"26,700",3,1998,고척로
서울특별시 구로구 오류동,345,345,0,동선,58.2159,201902,11~20,"35,000",15,2004,경인로
서울특별시 구로구 오류동,34-13,34,13,썬앤빌,14.064,201902,1~10,"7,700",7,2014,경인로19가길
서울특별시 구로구 오류동,Apr-31,31,4,오류동휘버스,83.97,201902,11~20,"31,000",6,2006,고척로18길
서울특별시 구로구 오류동,348,348,0,우림필유,84.99,201901,21~31,"49,800",8,2005,서해안로
서울특별시 구로구 오류동,Jan-46,46,1,이좋은집,36.69,201902,1~10,"18,700",9,2005,경인로20나길
서울특별시 구로구 오류동,51-31,51,31,포스시티,14.29,201902,1~10,"9,750",16,2014,경인로20길
서울특별시 구로구 오류동,51-31,51,31,포스시티,13.69,201902,11~20,"9,700",13,2014,경인로20길
서울특별시 구로구 오류동,06월 01일,6,1,한백고은,84.69,201902,11~20,"26,000",7,2005,고척로
서울특별시 구로구 오류동,341,341,0,한신플러스타운,59.91,201902,21~28,"36,800",10,2002,고척로
서울특별시 구로구 천왕동,281,281,0,천왕연지타운2단지,84.9,201902,1~10,"59,000",16,2014,오리로
서울특별시 구로구 천왕동,281,281,0,천왕연지타운2단지,84.9,201902,11~20,"59,000",5,2014,오리로
서울특별시 구로구 항동,233,233,0,현대홈타운스위트,84.9852,201901,21~31,"48,000",5,2004,연동로13길
서울특별시 구로구 항동,233,233,0,현대홈타운스위트,84.9852,201902,11~20,"45,300",2,2004,연동로13길
서울특별시 금천구 가산동,769,769,0,두산,59.84,201902,1~10,"44,500",11,1998,가산로
서울특별시 금천구 가산동,145-42,145,42,백운한비치(나),66.16,201902,11~20,"23,000",7,2003,남부순환로108길
서울특별시 금천구 독산동,711-2,711,2,금천현대,59.82,201901,21~31,"40,000",6,2002,벚꽃로
서울특별시 금천구 독산동,711-2,711,2,금천현대,59.82,201902,11~20,"38,500",21,2002,벚꽃로
서울특별시 금천구 독산동,1088,1088,0,독산주공14단지,76.51,201902,11~20,"43,700",11,1990,한내로
서울특별시 금천구 독산동,1088,1088,0,독산주공14단지,38.64,201902,21~28,"21,000",1,1990,한내로
서울특별시 금천구 독산동,883-10,883,10,동은4차,85.58,201902,11~20,"32,000",1,2004,문성로3길
서울특별시 금천구 독산동,1132,1132,0,목화101,59.95,201902,1~10,"26,400",9,1996,문성로3길
서울특별시 금천구 독산동,961-13,961,13,목화102,59.96,201902,11~20,"26,400",6,1997,문성로1길
서울특별시 금천구 독산동,992-37,992,37,세진웰빙102,95.5,201902,21~28,"40,000",2,2004,독산로92길
서울특별시 금천구 독산동,1133,1133,0,진도2차,59.95,201902,1~10,"29,500",2,1997,두산로
서울특별시 금천구 독산동,1136,1136,0,진도3차,59.34,201902,11~20,"34,900",5,1999,범안로17길
서울특별시 금천구 독산동,1136,1136,0,진도3차,59.34,201902,11~20,"34,700",1,1999,범안로17길
서울특별시 금천구 독산동,1093-4,1093,4,한신,89.46,201902,11~20,"44,800",3,1991,한내로
서울특별시 금천구 시흥동,1013,1013,0,관악산벽산타운5,114.84,201902,1~10,"45,000",18,2004,금하로
서울특별시 금천구 시흥동,1013,1013,0,관악산벽산타운5,84.97,201902,11~20,"38,700",8,2004,금하로
서울특별시 금천구 시흥동,1013,1013,0,관악산벽산타운5,84.97,201902,11~20,"38,500",2,2004,금하로
서울특별시 금천구 시흥동,1013,1013,0,관악산벽산타운5,59.34,201902,11~20,"31,000",5,2004,금하로
서울특별시 금천구 시흥동,1013,1013,0,관악산벽산타운5,84.97,201902,11~20,"41,000",9,2004,금하로
서울특별시 금천구 시흥동,1013,1013,0,관악산벽산타운5,114.84,201902,11~20,"43,000",7,2004,금하로
서울특별시 금천구 시흥동,1013,1013,0,관악산벽산타운5,114.84,201902,21~28,"42,500",5,2004,금하로
서울특별시 금천구 시흥동,1013,1013,0,관악산벽산타운5,59.34,201902,21~28,"31,500",18,2004,금하로
서울특별시 금천구 시흥동,1014,1014,0,금광,68.8188,201902,11~20,"37,800",3,2004,탑골로2길
서울특별시 금천구 시흥동,1002-1,1002,1,럭키남서울,41.22,201902,1~10,"28,800",9,1981,시흥대로47길
서울특별시 금천구 시흥동,1002-1,1002,1,럭키남서울,49.75,201902,21~28,"39,000",5,1981,시흥대로47길
서울특별시 금천구 시흥동,1012,1012,0,백운한비치,73.9154,201902,1~10,"37,900",8,2003,탑골로2길
서울특별시 금천구 시흥동,1010,1010,0,벽산,59.94,201902,11~20,"30,500",7,2000,금하로
서울특별시 금천구 시흥동,1010,1010,0,벽산,84.99,201902,21~28,"35,000",3,2000,금하로
서울특별시 금천구 시흥동,1010,1010,0,벽산,59.94,201902,21~28,"30,000",8,2000,금하로
서울특별시 금천구 시흥동,1006,1006,0,벽산3,59.94,201902,21~28,"29,000",12,1998,탑골로
서울특별시 금천구 시흥동,05월 13일,5,13,삼익,84.96,201902,1~10,"37,800",14,1999,독산로50길
서울특별시 금천구 시흥동,806,806,0,시흥동 월드메르디앙,59.89,201902,11~20,"34,000",7,2006,독산로36길
서울특별시 금천구 시흥동,03월 28일,3,28,어울림(3-28),63.79,201902,21~28,"16,000",4,2005,독산로50길
서울특별시 금천구 시흥동,209,209,0,현대(209),82.53,201902,11~20,"31,100",5,1996,금하로23라길
서울특별시 금천구 시흥동,960-6,960,6,힐캐슬,53.01,201901,21~31,"16,500",5,2012,시흥대로12길
서울특별시 노원구 공릉동,753,753,0,길성그랑프리텔아파트,76.4807,201902,1~10,"39,000",3,2003,동일로191가길
서울특별시 노원구 공릉동,670-6,670,6,미라쉘,16.69,201902,11~20,"15,800",17,2018,화랑로
서울특별시 노원구 공릉동,737,737,0,삼익아파트,51.03,201902,21~28,"28,500",12,1995,공릉로46길
서울특별시 노원구 공릉동,493-20,493,20,서경하누리아파트,68.77,201902,1~10,"25,500",2,2005,동일로183길
서울특별시 노원구 공릉동,707,707,0,시영2단지(라이프)아파트,39.6,201902,21~28,"26,000",8,1994,동일로198가길
서울특별시 노원구 공릉동,715,715,0,시영3차(라이프)아파트,39.6,201902,1~10,"21,700",15,1994,섬밭로
서울특별시 노원구 공릉동,748,748,0,신도1차아파트,81.2768,201902,21~28,"53,000",17,2002,동일로191가길
서울특별시 노원구 공릉동,756,756,0,신성미소지움아파트,84.996,201902,1~10,"46,000",7,2004,공릉로42길
서울특별시 노원구 공릉동,108,108,0,우방아파트,84.881,201902,11~20,"53,300",11,2000,노원로
서울특별시 노원구 공릉동,569-28,569,28,우성아파트(102동),68.51,201902,1~10,"31,500",6,2005,동일로179길
서울특별시 노원구 공릉동,91,91,0,청솔아파트8,84.65,201902,11~20,"53,500",9,2000,노원로1가길
서울특별시 노원구 공릉동,81,81,0,태강아파트,59.38,201902,1~10,"42,000",6,1999,공릉로34길
서울특별시 노원구 공릉동,727,727,0,풍림아파트B,31.32,201902,1~10,"21,800",16,2001,섬밭로
서울특별시 노원구 공릉동,587-8,587,8,하나플러스,84.92,201902,21~28,"38,000",3,2004,동일로178길
서울특별시 노원구 공릉동,683-14,683,14,한일휴니스빌,13.62,201902,1~10,"13,400",9,2013,화랑로
서울특별시 노원구 공릉동,683-14,683,14,한일휴니스빌,12.42,201902,21~28,"14,000",12,2013,화랑로
서울특별시 노원구 공릉동,230,230,0,현대아파트,86,201902,21~28,"44,800",3,1984,공릉로34길
서울특별시 노원구 공릉동,111,111,0,화랑타운아파트,84.65,201902,1~10,"57,000",4,2000,화랑로51길
서울특별시 노원구 공릉동,742,742,0,효성아파트,84.66,201902,1~10,"56,000",1,1995,화랑로
서울특별시 노원구 공릉동,742,742,0,효성아파트,73.18,201902,21~28,"44,650",3,1995,화랑로
서울특별시 노원구 공릉동,106,106,0,효성화운트빌아파트,99.917,201902,1~10,"67,000",12,2000,노원로
서울특별시 노원구 상계동,1270,1270,0,금호타운,84.54,201902,1~10,"37,000",9,1995,한글비석로46나길
서울특별시 노원구 상계동,695,695,0,대림,93.75,201902,1~10,"69,000",9,1988,동일로221길
서울특별시 노원구 상계동,1285,1285,0,동아불암,59.4,201902,1~10,"34,500",19,1999,덕릉로
서울특별시 노원구 상계동,173-1,173,1,벽산,43.35,201902,1~10,"24,800",5,1989,한글비석로
서울특별시 노원구 상계동,173-1,173,1,벽산,75.03,201902,11~20,"37,000",8,1989,한글비석로
서울특별시 노원구 상계동,173-1,173,1,벽산,46.8,201902,11~20,"26,500",6,1989,한글비석로
서울특별시 노원구 상계동,639,639,0,보람1단지,44.33,201902,11~20,"26,200",12,1988,한글비석로
서울특별시 노원구 상계동,639,639,0,보람1단지,54.59,201902,21~28,"35,000",5,1988,한글비석로
서울특별시 노원구 상계동,639,639,0,보람2단지,68.99,201902,1~10,"40,000",11,1988,한글비석로
서울특별시 노원구 상계동,639,639,0,보람2단지,68.99,201902,11~20,"38,000",8,1988,한글비석로
서울특별시 노원구 상계동,1279,1279,0,상계1차중앙하이츠,59.82,201901,21~31,"43,000",9,1997,노원로28길
서울특별시 노원구 상계동,1301,1301,0,상계대림e편한세상,114.34,201901,21~31,"46,800",8,2002,동일로239길
서울특별시 노원구 상계동,765,765,0,상계주공1(고층),59.39,201902,11~20,"38,300",6,1988,덕릉로
서울특별시 노원구 상계동,765,765,0,상계주공1(고층),32.39,201902,11~20,"28,000",6,1988,동일로213길
서울특별시 노원구 상계동,666,666,0,상계주공10(고층),59.28,201902,11~20,"40,000",2,1988,노원로
서울특별시 노원구 상계동,666,666,0,상계주공10(고층),45.9,201902,11~20,"38,000",7,1988,노원로
서울특별시 노원구 상계동,647,647,0,상계주공12(고층),58.01,201902,11~20,"38,500",10,1988,한글비석로
서울특별시 노원구 상계동,637,637,0,상계주공13(고층),45.9,201902,21~28,"25,000",12,1989,한글비석로54길
서울특별시 노원구 상계동,626,626,0,상계주공14(고층),41.3,201902,21~28,"25,000",3,1989,동일로228길
서울특별시 노원구 상계동,626,626,0,상계주공14(저층),62.17,201902,1~10,"36,900",1,1989,동일로228길
서울특별시 노원구 상계동,624,624,0,상계주공16(고층),45.77,201902,11~20,"26,650",12,1988,동일로227길
서울특별시 노원구 상계동,730-2,730,2,상계주공3(고층),59.2,201902,1~10,"49,000",5,1987,동일로215길
서울특별시 노원구 상계동,730-2,730,2,상계주공3(고층),41.3,201902,11~20,"30,000",4,1987,동일로215길
서울특별시 노원구 상계동,730-2,730,2,상계주공3(고층),59.28,201902,21~28,"49,000",12,1987,동일로215길
서울특별시 노원구 상계동,749-5,749,5,상계주공4(고층),32.39,201902,11~20,"23,000",1,1988,동일로214길
서울특별시 노원구 상계동,721,721,0,상계주공5(저층),31.98,201901,21~31,"38,300",2,1987,동일로216길
서울특별시 노원구 상계동,721,721,0,상계주공5(저층),31.98,201902,11~20,"38,500",2,1987,동일로216길
서울특별시 노원구 상계동,721,721,0,상계주공5(저층),31.98,201902,11~20,"38,600",1,1987,동일로216길
서울특별시 노원구 상계동,721,721,0,상계주공5(저층),31.98,201902,11~20,"38,000",4,1987,동일로216길
서울특별시 노원구 상계동,720,720,0,상계주공6(고층),41.3,201902,1~10,"34,000",3,1988,노해로
서울특별시 노원구 상계동,720,720,0,상계주공6(고층),59.39,201902,1~10,"47,400",11,1988,노해로
서울특별시 노원구 상계동,720,720,0,상계주공6(고층),58.01,201902,21~28,"47,500",14,1988,노해로
서울특별시 노원구 상계동,691,691,0,상계주공7(고층),45.9,201902,11~20,"37,500",6,1988,동일로
서울특별시 노원구 상계동,691,691,0,상계주공7(고층),49.94,201902,11~20,"44,500",14,1988,동일로
서울특별시 노원구 상계동,691,691,0,상계주공7(고층),59.39,201902,11~20,"50,000",4,1988,상계로1길
서울특별시 노원구 상계동,691,691,0,상계주공7(고층),49.94,201902,21~28,"53,000",7,1988,동일로
서울특별시 노원구 상계동,670,670,0,상계주공9(고층),58.01,201902,21~28,"39,200",10,1988,노원로
서울특별시 노원구 상계동,1296,1296,0,상록수1단지,53.656,201902,11~20,"29,800",5,2002,동일로239나길
서울특별시 노원구 상계동,1255,1255,0,은빛1단지,59.95,201902,11~20,"38,000",11,1998,동일로245길
서울특별시 노원구 상계동,1256,1256,0,은빛2단지,59.95,201902,1~10,"36,500",10,1998,동일로245가길
서울특별시 노원구 상계동,1256,1256,0,은빛2단지,39.7,201902,11~20,"25,000",6,1998,동일로245가길
서울특별시 노원구 상계동,1256,1256,0,은빛2단지,39.7,201902,21~28,"21,150",1,1998,동일로245가길
서울특별시 노원구 상계동,1276,1276,0,청암2단지,59.96,201902,11~20,"38,200",9,2001,덕릉로94가길
서울특별시 노원구 상계동,1281,1281,0,코오롱,59.94,201902,11~20,"38,000",1,1997,노원로26가길
서울특별시 노원구 상계동,451,451,0,한신2차,84.92,201902,11~20,"41,750",13,1988,한글비석로48길
서울특별시 노원구 상계동,995,995,0,한신4차,84.84,201902,11~20,"36,500",9,1995,동일로230길
서울특별시 노원구 상계동,1309,1309,0,한일유앤아이,84.991,201902,11~20,"54,700",15,2005,노원로28길
서울특별시 노원구 월계동,775,775,0,대우,99.98,201902,1~10,"48,000",17,1998,초안산로5길
서울특별시 노원구 월계동,436,436,0,동신,71.77,201902,1~10,"40,000",5,1983,광운로2나길
서울특별시 노원구 월계동,436,436,0,동신,71.83,201902,21~28,"40,500",3,1983,광운로2나길
서울특별시 노원구 월계동,940,940,0,동원베네스트,59.854,201902,11~20,"37,700",5,2005,월계로53길
서울특별시 노원구 월계동,13,13,0,미성,50.14,201902,21~28,"40,000",2,1986,마들로
서울특별시 노원구 월계동,320-11,320,11,사슴3,49.5,201902,1~10,"33,000",14,1995,월계로55길
서울특별시 노원구 월계동,13,13,0,삼호3,59.22,201902,1~10,"47,000",9,1986,마들로
서울특별시 노원구 월계동,322-1,322,1,성원(사슴4),39.6,201902,11~20,"20,000",3,1995,마들로3길
서울특별시 노원구 월계동,880,880,0,유원,59.93,201901,21~31,"26,700",5,1998,덕릉로60길
서울특별시 노원구 월계동,780,780,0,청백3,39.84,201902,11~20,"19,800",8,1998,월계로45가길
서울특별시 노원구 월계동,781,781,0,청백4,39.84,201902,11~20,"19,950",3,1998,월계로45가길
서울특별시 노원구 월계동,945,945,0,초안산쌍용스윗닷홈,84.69,201902,11~20,"43,000",8,2006,덕릉로60길
서울특별시 노원구 월계동,926,926,0,한일1,84.942,201902,11~20,"50,000",5,1999,석계로15길
서울특별시 노원구 월계동,18,18,0,한진한화그랑빌,59.94,201902,21~28,"49,000",2,2002,마들로
서울특별시 노원구 월계동,18,18,0,한진한화그랑빌,84.97,201902,21~28,"60,600",7,2002,마들로
서울특별시 노원구 중계동,515-2,515,2,건영2,75.02,201902,11~20,"44,000",14,1991,덕릉로
서울특별시 노원구 중계동,586,586,0,건영재건축(586),59.92,201902,11~20,"31,000",10,1998,덕릉로
서울특별시 노원구 중계동,505,505,0,롯데(505),54.48,201902,1~10,"39,500",7,1989,섬밭로
서울특별시 노원구 중계동,361-1,361,1,롯데우성아파트,115.26,201902,1~10,"84,000",9,1993,노원로22길
서울특별시 노원구 중계동,366,366,0,신동아(366),101.94,201902,21~28,"84,500",5,1993,중계로
서울특별시 노원구 중계동,589,589,0,신일,59.97,201902,11~20,"31,500",4,1998,한글비석로
서울특별시 노원구 중계동,369,369,0,주공2,44.52,201902,11~20,"26,000",5,1992,한글비석로14길
서울특별시 노원구 중계동,369,369,0,주공2,44.52,201902,21~28,"24,800",15,1992,한글비석로14길
서울특별시 노원구 중계동,358-2,358,2,주공4,45.77,201902,1~10,"28,800",11,1991,덕릉로76길
서울특별시 노원구 중계동,358-2,358,2,주공4,76.51,201902,11~20,"45,000",11,1991,덕릉로76길
서울특별시 노원구 중계동,359-1,359,1,주공5,58.46,201902,11~20,"47,000",10,1992,중계로
서울특별시 노원구 중계동,502-1,502,1,중계그린1단지,49.5,201902,1~10,"33,000",9,1990,동일로207길
서울특별시 노원구 중계동,502-1,502,1,중계그린1단지,49.85,201902,11~20,"35,000",3,1990,동일로207길
서울특별시 노원구 중계동,512,512,0,중계무지개,39.82,201902,11~20,"26,500",3,1991,동일로208길
서울특별시 노원구 중계동,512,512,0,중계무지개,59.26,201902,11~20,"39,000",5,1991,동일로208길
서울특별시 노원구 중계동,512,512,0,중계무지개,39.96,201902,11~20,"26,000",9,1991,동일로208길
서울특별시 노원구 중계동,512,512,0,중계무지개,39.96,201902,21~28,"23,000",1,1991,동일로208길
서울특별시 노원구 중계동,360-2,360,2,청구3,84.77,201902,21~28,"80,000",8,1996,중계로
서울특별시 노원구 중계동,598,598,0,한화꿈에그린,84.902,201902,1~10,"57,000",6,2005,중계로8길
서울특별시 노원구 중계동,577,577,0,현대1(4차),84.99,201902,21~28,"39,800",9,1993,중계로8길
서울특별시 노원구 중계동,577,577,0,현대1(4차),77.15,201902,21~28,"39,500",7,1993,중계로8길
서울특별시 노원구 하계동,271-3,271,3,극동,55.72,201902,21~28,"35,700",14,1988,섬밭로
서울특별시 노원구 하계동,353,353,0,우방,59.74,201902,1~10,"35,000",7,1999,공릉로58길
서울특별시 노원구 하계동,270,270,0,우성,127.22,201902,11~20,"75,000",11,1988,섬밭로
서울특별시 노원구 하계동,273,273,0,장미(시영6),54.29,201902,11~20,"35,000",10,1989,섬밭로
서울특별시 노원구 하계동,273,273,0,장미(시영6),54.02,201902,21~28,"36,000",6,1989,섬밭로
서울특별시 노원구 하계동,284,284,0,청구,84.97,201902,1~10,"59,500",4,1988,공릉로
서울특별시 노원구 하계동,284,284,0,청구,70.69,201902,21~28,"52,000",13,1988,공릉로
서울특별시 노원구 하계동,251,251,0,하계1청구,84.6,201902,1~10,"62,800",10,1997,한글비석로
서울특별시 노원구 하계동,354,354,0,학여울청구,59.4,201901,21~31,"42,500",4,1999,동일로207길
서울특별시 노원구 하계동,284,284,0,한신1,27,201902,11~20,"20,500",15,1988,공릉로
서울특별시 도봉구 도봉동,655,655,0,래미안도봉,59.25,201902,21~28,"44,000",4,2005,도봉로170길
서울특별시 도봉구 도봉동,595,595,0,럭키,84.86,201901,21~31,"34,000",12,1992,도봉로169길
서울특별시 도봉구 도봉동,641,641,0,서원,40.02,201902,11~20,"19,700",16,1996,마들로
서울특별시 도봉구 도봉동,641,641,0,서원,49.77,201902,21~28,"23,500",4,1996,마들로
서울특별시 도봉구 도봉동,641,641,0,서원,59.51,201902,21~28,"30,000",15,1996,마들로
서울특별시 도봉구 도봉동,01월 30일,30,1,한신,84.94,201902,1~10,"37,000",6,1995,마들로
서울특별시 도봉구 방학동,444-31,444,31,대원그린아파트,46.86,201902,11~20,"18,400",10,1987,방학로
서울특별시 도봉구 방학동,275,275,0,벽산아파트1,63.38,201902,11~20,"27,500",9,1991,방학로11길
서울특별시 도봉구 방학동,496,496,0,벽산아파트2,59.581,201902,11~20,"30,500",2,1998,시루봉로5길
서울특별시 도봉구 방학동,636,636,0,송학휴스테이,51.867,201902,21~28,"25,000",7,2016,도당로15길
서울특별시 도봉구 방학동,271-1,271,1,신동아아파트1,126.89,201902,1~10,"49,500",8,1986,방학로
서울특별시 도봉구 방학동,271-1,271,1,신동아아파트1,53.16,201902,1~10,"24,000",12,1986,시루봉로
서울특별시 도봉구 방학동,271-1,271,1,신동아아파트1,53.16,201902,1~10,"25,000",9,1986,방학로
서울특별시 도봉구 방학동,271-1,271,1,신동아아파트1,112.49,201902,21~28,"41,000",2,1986,방학로
서울특별시 도봉구 방학동,271-1,271,1,신동아아파트1,112.49,201902,21~28,"40,500",12,1986,방학로
서울특별시 도봉구 방학동,531,531,0,신동아아파트2,147.48,201902,11~20,"49,000",2,1992,방학로15길
서울특별시 도봉구 방학동,508,508,0,우성아파트2,84.98,201902,1~10,"44,000",11,1993,해등로
서울특별시 도봉구 방학동,508,508,0,우성아파트2,84.98,201902,11~20,"37,200",3,1993,해등로
서울특별시 도봉구 방학동,734,734,0,청구아파트,84.97,201902,11~20,"36,000",2,1994,시루봉로
서울특별시 도봉구 방학동,734,734,0,청구아파트,84.97,201902,21~28,"38,000",9,1994,시루봉로
서울특별시 도봉구 방학동,705-17,705,17,퍼스티안,13.6794,201902,21~28,"9,900",10,2013,도봉로150가길
서울특별시 도봉구 쌍문동,산69-1,69,1,금호2,69.82,201902,21~28,"32,000",11,1991,해등로
서울특별시 도봉구 쌍문동,153,153,0,기용,41.31,201902,11~20,"15,500",1,1988,도봉로127길
서울특별시 도봉구 쌍문동,02월 13일,13,2,대웅,44.82,201902,21~28,"19,500",1,1989,도당로
서울특별시 도봉구 쌍문동,285-5,285,5,동익미라벨,82.5,201901,21~31,"30,000",11,1987,우이천로32길
서울특별시 도봉구 쌍문동,285-5,285,5,동익미라벨,84.53,201902,11~20,"31,000",6,1987,우이천로32길
서울특별시 도봉구 쌍문동,56,56,0,삼익세라믹,42.93,201902,11~20,"24,300",14,1988,해등로
서울특별시 도봉구 쌍문동,19,19,0,엘지트윈빌Ⅰ·Ⅱ,240.97,201902,11~20,"60,000",3,1999,도당로
서울특별시 도봉구 쌍문동,722,722,0,염광,59.91,201902,21~28,"22,900",6,1997,우이천로30길
서울특별시 도봉구 쌍문동,59,59,0,한양2,35.1,201901,21~31,"19,250",5,1988,해등로
서울특별시 도봉구 쌍문동,54,54,0,현대1,44.55,201902,1~10,"19,500",7,1990,해등로
서울특별시 도봉구 쌍문동,54,54,0,현대1,44.55,201902,21~28,"21,900",11,1990,해등로
서울특별시 도봉구 창동,809,809,0,금용,59.97,201902,11~20,"29,500",3,1997,우이천로
서울특별시 도봉구 창동,804,804,0,대우,59.86,201902,11~20,"38,100",12,1995,덕릉로63가길
서울특별시 도봉구 창동,804,804,0,대우,84.88,201902,21~28,"45,900",9,1995,덕릉로63가길
서울특별시 도봉구 창동,26,26,0,동아,88.23,201902,21~28,"58,000",2,1988,노해로70길
서울특별시 도봉구 창동,299,299,0,상아1차아파트,84.99,201902,11~20,"58,500",14,1987,해등로
서울특별시 도봉구 창동,300,300,0,상아2차아파트,45.54,201902,11~20,"36,500",7,1988,노해로63가길
서울특별시 도봉구 창동,810,810,0,신창,59.4,201902,1~10,"27,000",7,1998,덕릉로62길
서울특별시 도봉구 창동,810,810,0,신창,49.77,201902,21~28,"24,000",8,1998,덕릉로62길
서울특별시 도봉구 창동,7,7,0,월가타워,13.09,201902,11~20,"9,800",12,2013,마들로11가길
서울특별시 도봉구 창동,7,7,0,월가타워,15.49,201902,21~28,"11,500",9,2013,마들로11가길
서울특별시 도봉구 창동,38,38,0,주공17단지,36.34,201902,11~20,"27,000",10,1989,덕릉로66길
서울특별시 도봉구 창동,38,38,0,주공17단지,36.16,201902,11~20,"22,250",3,1989,덕릉로66길
서울특별시 도봉구 창동,38,38,0,주공17단지,36.16,201902,11~20,"21,000",6,1989,덕릉로66길
서울특별시 도봉구 창동,38,38,0,주공17단지,36.16,201902,21~28,"21,500",1,1989,덕릉로66길
서울특별시 도봉구 창동,27,27,0,주공19단지(창동 리버타운),68.86,201902,11~20,"56,800",6,1988,노해로70길
서울특별시 도봉구 창동,27,27,0,주공19단지(창동 리버타운),68.86,201902,21~28,"58,600",6,1988,노해로70길
서울특별시 도봉구 창동,816,816,0,창동3차현대,135.353,201902,1~10,"74,000",10,2001,도봉로136길
서울특별시 도봉구 창동,30,30,0,창동주공18단지,45.55,201901,21~31,"33,250",8,1988,노해로70길
서울특별시 도봉구 창동,30,30,0,창동주공18단지,41.34,201902,1~10,"32,500",13,1988,노해로70길
서울특별시 도봉구 창동,30,30,0,창동주공18단지,59.39,201902,21~28,"46,700",13,1988,노해로70길
서울특별시 도봉구 창동,305,305,0,창동주공1단지,45.77,201902,21~28,"32,800",13,1990,해등로
서울특별시 도봉구 창동,316,316,0,창동주공2단지,36.16,201902,11~20,"31,000",12,1990,해등로12길
서울특별시 도봉구 창동,347,347,0,창동주공3단지(해등마을),41.3,201902,11~20,"38,000",11,1990,해등로
서울특별시 도봉구 창동,373,373,0,창동주공4단지,41.3,201901,21~31,"27,500",14,1991,덕릉로
서울특별시 도봉구 창동,373,373,0,창동주공4단지,49.94,201902,1~10,"40,000",4,1991,덕릉로
서울특별시 도봉구 창동,812,812,0,창동현대타운,66.42,201902,11~20,"35,500",9,1999,도봉로114길
서울특별시 도봉구 창동,821,821,0,초안산신도브래뉴,78.2974,201902,1~10,"37,000",4,2005,우이천로4라길
서울특별시 도봉구 창동,821,821,0,초안산신도브래뉴,78.2974,201902,11~20,"36,600",2,2005,우이천로4라길
서울특별시 도봉구 창동,451,451,0,한신APT,84.92,201902,11~20,"31,800",12,1999,덕릉로60바길
서울특별시 동대문구 답십리동,994,994,0,답십리한화,84.86,201902,1~10,"54,500",20,2001,고미술로
서울특별시 동대문구 답십리동,808,808,0,대림,114.9,201902,21~28,"61,000",19,2003,답십리로60길
서울특별시 동대문구 답십리동,42,42,0,동답한신,35.45,201902,21~28,"26,000",6,1992,답십리로
서울특별시 동대문구 답십리동,42,42,0,동답한신,35.45,201902,21~28,"27,000",5,1992,답십리로
서울특별시 동대문구 답십리동,998,998,0,두산위브,59.91,201902,1~10,"59,500",12,2007,황물로15길
서울특별시 동대문구 답십리동,998,998,0,두산위브,59.91,201902,1~10,"60,000",3,2007,황물로15길
서울특별시 동대문구 답십리동,998,998,0,두산위브,84.91,201902,11~20,"64,500",2,2007,황물로15길
서울특별시 동대문구 답십리동,998,998,0,두산위브,59.91,201902,11~20,"60,000",14,2007,황물로15길
서울특별시 동대문구 답십리동,998,998,0,두산위브,84.91,201902,21~28,"65,000",8,2007,황물로15길
서울특별시 동대문구 답십리동,1000,1000,0,래미안엘파인아파트,59.95,201902,21~28,"42,000",9,2011,한천로37길
서울특별시 동대문구 답십리동,1003,1003,0,래미안위브,84.98,201902,1~10,"89,000",5,2014,답십리로
서울특별시 동대문구 답십리동,464-1,464,1,신답극동,53.1,201902,21~28,"51,000",15,1987,서울시립대로
서울특별시 동대문구 답십리동,494-1,494,1,한일노벨리아,14.76,201902,11~20,"14,800",17,2016,천호대로
서울특별시 동대문구 답십리동,530-15,530,15,현대썬앤빌청계,23.52,201902,1~10,"24,300",9,2016,고미술로
서울특별시 동대문구 답십리동,530-15,530,15,현대썬앤빌청계,14.21,201902,1~10,"13,500",11,2016,고미술로
서울특별시 동대문구 답십리동,530-15,530,15,현대썬앤빌청계,18.27,201902,11~20,"16,930",8,2016,고미술로
서울특별시 동대문구 용두동,104-3,104,3,동대문푸르지오시티(도시형생활주택),30.11,201902,11~20,"36,000",9,2016,왕산로
서울특별시 동대문구 용두동,790,790,0,롯데캐슬피렌체,115.57,201902,11~20,"84,000",4,2009,정릉천동로
서울특별시 동대문구 용두동,236-1,236,1,신설동역대우아이빌1,84.967,201902,11~20,"58,000",8,2004,왕산로
서울특별시 동대문구 이문동,225,225,0,대림e-편한세상,114.937,201902,1~10,"69,000",17,2003,한천로63길
서울특별시 동대문구 이문동,225,225,0,대림e-편한세상,59.958,201902,21~28,"52,200",9,2003,한천로63길
서울특별시 동대문구 이문동,311,311,0,래미안이문2차,84.61,201902,11~20,"69,500",6,2004,이문로12길
서울특별시 동대문구 이문동,73,73,0,삼익,59.95,201902,11~20,"44,900",7,1997,한천로55길
서울특별시 동대문구 이문동,84,84,0,중앙하이츠빌,59.4,201902,11~20,"47,000",19,2002,외대역동로
서울특별시 동대문구 장안동,404-13,404,13,(아이엔에스새터),84.89,201902,21~28,"40,000",4,2005,천호대로77길
서울특별시 동대문구 장안동,93-128,93,128,금성아파트,65.95,201901,21~31,"36,900",6,2011,사가정로23가길
서울특별시 동대문구 장안동,337-3,337,3,르메이에르장안타운3차,73.93,201902,11~20,"37,600",10,2005,장한로26다길
서울특별시 동대문구 장안동,365-4,365,4,서희스타힐스,51.07,201901,21~31,"30,000",6,2013,장한로20길
서울특별시 동대문구 장안동,371-1,371,1,장안삼성쉐르빌,99.51,201902,11~20,"53,800",28,2002,장한로
서울특별시 동대문구 장안동,371-1,371,1,장안삼성쉐르빌,119.05,201902,11~20,"57,000",25,2002,장한로
서울특별시 동대문구 장안동,580,580,0,장안위더스빌,107.97,201902,1~10,"59,000",14,2011,한천로
서울특별시 동대문구 장안동,466-5,466,5,장안푸르미에,11.9559,201902,21~28,"12,200",7,2013,천호대로97길
서울특별시 동대문구 장안동,466-5,466,5,장안푸르미에,12.9463,201902,21~28,"12,500",5,2013,천호대로97길
서울특별시 동대문구 장안동,466-5,466,5,장안푸르미에,12.9463,201902,21~28,"12,000",4,2013,천호대로97길
서울특별시 동대문구 장안동,466-5,466,5,장안푸르미에,12.6512,201902,21~28,"12,200",5,2013,천호대로97길
서울특별시 동대문구 장안동,372-16,372,16,청솔아파트B동,59.93,201902,1~10,"31,000",9,2015,장한로23길
서울특별시 동대문구 장안동,570,570,0,청원파크빌,46.58,201902,21~28,"27,500",8,2006,한천로14길
서울특별시 동대문구 장안동,312-8,312,8,태솔에버빌,49.88,201902,11~20,"26,000",4,2013,장한로28가길
서울특별시 동대문구 장안동,383-10,383,10,태솔에버빌2차,59.94,201902,11~20,"32,000",6,2015,장한로23길
서울특별시 동대문구 장안동,311-6,311,6,화성(311-6),84.6,201902,21~28,"35,800",3,2003,장한로28가길
서울특별시 동대문구 전농동,100-1,100,1,다스하우스,15.5,201902,11~20,"14,500",16,2018,왕산로
서울특별시 동대문구 전농동,645-2,645,2,동아,57.9,201902,1~10,"51,000",10,1997,서울시립대로
서울특별시 동대문구 전농동,645-2,645,2,동아,57.9,201902,11~20,"52,000",10,1997,서울시립대로
서울특별시 동대문구 전농동,645-2,645,2,동아,83.01,201902,11~20,"63,500",20,1997,서울시립대로
서울특별시 동대문구 전농동,690,690,0,래미안 크레시티,59.99,201902,21~28,"80,500",4,2014,사가정로
서울특별시 동대문구 전농동,10,10,0,전농SK,114.3,201901,21~31,"70,000",13,2000,사가정로
서울특별시 동대문구 전농동,6,6,0,전농우성,59.78,201902,11~20,"43,000",11,1992,사가정로
서울특별시 동대문구 제기동,892-65,892,65,공성,73.62,201901,21~31,"35,800",2,1978,정릉천동로
서울특별시 동대문구 제기동,1213,1213,0,어진재,15.64,201902,1~10,"17,000",2,2014,회기로
서울특별시 동대문구 제기동,1213,1213,0,어진재,15.61,201902,11~20,"17,000",4,2014,회기로
서울특별시 동대문구 제기동,1213,1213,0,어진재,15.61,201902,21~28,"17,000",4,2014,회기로
서울특별시 동대문구 제기동,252,252,0,이수브라운스톤,84.9,201902,21~28,"60,000",17,2005,왕산로23길
서울특별시 동대문구 제기동,252,252,0,이수브라운스톤,84.51,201902,21~28,"59,500",9,2005,왕산로23길
서울특별시 동대문구 청량리동,60,60,0,한신,114.95,201902,11~20,"62,500",5,1997,제기로
서울특별시 동대문구 회기동,346-18,346,18,베라체캠퍼스,54.526,201901,21~31,"42,500",7,2013,이문로
서울특별시 동대문구 회기동,346-18,346,18,베라체캠퍼스,24.319,201902,11~20,"24,900",7,2013,이문로
서울특별시 동대문구 휘경동,78,78,0,롯데,84.89,201902,21~28,"58,000",13,2000,망우로
서울특별시 동대문구 휘경동,264-2,264,2,효자워너빌,84.64,201902,11~20,"57,000",11,2006,망우로
서울특별시 동대문구 휘경동,367,367,0,휘경센트레빌,84.79,201901,21~31,"63,500",4,2011,외대역동로
서울특별시 동작구 노량진동,325,325,0,신동아리버파크,59.67,201901,21~31,"61,750",17,2001,만양로
서울특별시 동작구 노량진동,325,325,0,신동아리버파크,114.75,201902,11~20,"83,500",25,2001,만양로
서울특별시 동작구 노량진동,325,325,0,신동아리버파크,84.88,201902,21~28,"70,000",19,2001,만양로
서울특별시 동작구 노량진동,332,332,0,쌍용예가,114.685,201902,21~28,"68,300",10,2010,장승배기로16길
서울특별시 동작구 노량진동,323,323,0,우성,84.96,201902,1~10,"72,000",10,1997,만양로8길
서울특별시 동작구 대방동,393-26,393,26,다운페라,83.41,201902,11~20,"46,000",1,2006,대방동2길
서울특별시 동작구 대방동,501,501,0,대림아파트,84.92,201902,11~20,"95,500",14,1993,여의대방로44길
서울특별시 동작구 대방동,381-3,381,3,드림빌라트,73.49,201901,21~31,"43,000",4,2001,대방동27길
서울특별시 동작구 동작동,333,333,0,이수힐스테이트,84.982,201902,1~10,"115,000",4,2013,동작대로39길
서울특별시 동작구 동작동,333,333,0,이수힐스테이트,84.982,201902,21~28,"112,000",4,2013,동작대로39길
서울특별시 동작구 본동,494,494,0,래미안트윈파크,59.9,201902,21~28,"83,000",3,2011,노량진로23가길
서울특별시 동작구 사당동,169-8,169,8,대림(169-8),84.91,201902,11~20,"80,000",3,1990,사당로17길
서울특별시 동작구 사당동,169-8,169,8,대림(169-8),125.4,201902,11~20,"98,000",4,1990,사당로17길
서울특별시 동작구 사당동,1149,1149,0,사당롯데캐슬2차,84.614,201902,11~20,"78,000",14,2004,사당로27길
서울특별시 동작구 상도동,903,903,0,e편한세상상도노빌리티,84.97,201901,21~31,"126,500",20,2018,만양로
서울특별시 동작구 상도동,431,431,0,래미안상도3차,84.96,201902,21~28,"89,000",8,2004,상도로53길
서울특별시 동작구 상도동,363-164,363,164,상도 휴엔하임,14.7,201902,1~10,"15,000",4,2016,상도로15길
서울특별시 동작구 상도동,533,533,0,상도엠코타운애스톤파크,120.004,201902,21~28,"110,000",1,2013,상도로
서울특별시 동작구 상도동,533,533,0,상도엠코타운애스톤파크,84.884,201902,21~28,"97,000",8,2013,상도로
서울특별시 동작구 상도동,418,418,0,쌍용스윗닷홈,59.578,201902,11~20,"60,000",3,2003,상도로
서울특별시 동작구 상도동,521,521,0,포스코더샵,59.99,201901,21~31,"76,000",10,2007,장승배기로4길
서울특별시 동작구 상도동,407,407,0,현대(관악),84.78,201902,21~28,"60,000",3,1992,상도로
서울특별시 동작구 신대방동,395-67,395,67,롯데관악타워,149.74,201901,21~31,"79,000",14,1996,보라매로5길
서울특별시 동작구 신대방동,395-67,395,67,롯데관악타워,149.74,201902,1~10,"77,200",13,1996,보라매로5길
서울특별시 동작구 신대방동,360-17,360,17,신동아,48.18,201902,11~20,"33,850",11,1993,여의대방로22아길
서울특별시 마포구 노고산동,01월 03일,1,3,신촌포스빌,32.34,201902,1~10,"31,000",15,2004,신촌로
서울특별시 마포구 노고산동,107-36,107,36,현대벤처빌,41.96,201901,21~31,"29,900",15,2002,백범로
서울특별시 마포구 대흥동,660,660,0,마포태영,84.77,201902,1~10,"89,750",5,1999,독막로
서울특별시 마포구 대흥동,12-41,12,41,서희스타힐스,12.85,201902,1~10,"19,800",5,2014,신촌로
서울특별시 마포구 도화동,550,550,0,삼성,114.74,201902,11~20,"110,000",5,1997,도화길
서울특별시 마포구 도화동,555,555,0,한화오벨리스크,79.9,201902,21~28,"78,500",24,2004,마포대로
서울특별시 마포구 마포동,253,253,0,쌍용,84.9,201902,11~20,"75,000",3,2000,마포대로4라길
서울특별시 마포구 망원동,497,497,0,대림2,59.99,201902,21~28,"60,000",4,2002,망원로1길
서울특별시 마포구 망원동,494,494,0,삼성화원,89.55,201902,21~28,"65,000",2,2002,망원로10길
서울특별시 마포구 망원동,489,489,0,성원2,84.96,201902,21~28,"62,500",14,1999,망원로4길
서울특별시 마포구 망원동,432-63,432,63,신부,83.45,201902,11~20,"45,000",3,2001,월드컵로29길
서울특별시 마포구 망원동,454-1,454,1,참존2차(454-1),84.56,201902,21~28,"53,000",3,2005,망원로
서울특별시 마포구 망원동,501,501,0,태청,75.77,201901,21~31,"52,500",4,2003,포은로6길
서울특별시 마포구 상수동,396,396,0,두산위브,84.79,201902,11~20,"84,000",5,2004,독막로18길
서울특별시 마포구 상암동,1655,1655,0,상암월드컵파크4단지,84.81,201902,1~10,"98,000",12,2006,상암산로1길
서울특별시 마포구 상암동,1660,1660,0,상암월드컵파크7단지,84.74,201902,11~20,"85,000",13,2005,상암산로1길
서울특별시 마포구 상암동,1618,1618,0,휴먼시아2단지,51.98,201902,1~10,"60,000",1,2009,월드컵북로42가길
서울특별시 마포구 서교동,487,487,0,대우미래사랑,34.29,201902,1~10,"27,800",10,2005,월드컵북로5나길
서울특별시 마포구 서교동,487,487,0,대우미래사랑,68.11,201902,11~20,"49,300",3,2005,월드컵북로5나길
서울특별시 마포구 서교동,487,487,0,대우미래사랑,57.36,201902,21~28,"42,000",8,2005,월드컵북로5나길
서울특별시 마포구 서교동,371-7,371,7,엠제이더퍼스트홍대,14.89,201902,11~20,"25,800",5,2018,양화로
서울특별시 마포구 성산동,446,446,0,성산시영(선경),50.54,201902,11~20,"60,000",3,1986,월드컵북로
서울특별시 마포구 성산동,446,446,0,성산시영(유원),59.43,201902,1~10,"80,000",9,1986,월드컵북로
서울특별시 마포구 성산동,214-15,214,15,엘지(214-15),80.91,201902,11~20,"34,700",2,2003,월드컵로30다길
서울특별시 마포구 성산동,Mar-49,49,3,월드,129.88,201902,21~28,"37,000",1,2000,월드컵북로12안길
서울특별시 마포구 신공덕동,167,167,0,대우메트로디오빌,23.63,201902,11~20,"25,000",19,2005,백범로
서울특별시 마포구 신공덕동,167,167,0,대우메트로디오빌,23.63,201902,21~28,"26,900",28,2005,백범로
서울특별시 마포구 신공덕동,13-15,13,15,블레스하임,25.77,201901,21~31,"39,400",13,2019,만리재로
서울특별시 마포구 신공덕동,13-15,13,15,블레스하임,25.13,201901,21~31,"38,400",9,2019,만리재로
서울특별시 마포구 신공덕동,13-15,13,15,블레스하임,24.27,201901,21~31,"38,400",9,2019,만리재로
서울특별시 마포구 신공덕동,13-15,13,15,블레스하임,25.77,201901,21~31,"38,400",8,2019,만리재로
서울특별시 마포구 신공덕동,13-15,13,15,블레스하임,24.27,201901,21~31,"38,400",8,2019,만리재로
서울특별시 마포구 신공덕동,13-15,13,15,블레스하임,25.13,201902,11~20,"39,400",13,2019,만리재로
서울특별시 마포구 신공덕동,13-15,13,15,블레스하임,25.77,201902,21~28,"38,900",14,2019,만리재로
서울특별시 마포구 신공덕동,13-15,13,15,블레스하임,25.13,201902,21~28,"39,200",10,2019,만리재로
서울특별시 마포구 신수동,459,459,0,밤섬경남아너스빌,84.83,201902,21~28,"87,300",1,2009,독막로28길
서울특별시 마포구 아현동,777,777,0,마포래미안푸르지오3단지,84.5978,201902,11~20,"110,000",23,2014,마포대로
서울특별시 마포구 아현동,692,692,0,서서울삼성,48.92,201902,1~10,"65,000",3,1998,마포대로
서울특별시 마포구 염리동,521,521,0,마포자이,84.692,201902,11~20,"114,000",16,2003,독막로42길
서울특별시 마포구 용강동,508,508,0,e편한세상마포리버파크,59.98,201902,11~20,"112,000",15,2016,토정로31길
서울특별시 마포구 합정동,470,470,0,일신건영휴먼빌,84.76,201902,11~20,"67,300",4,2005,토정로5길
서울특별시 서대문구 남가좌동,385,385,0,DMC파크뷰자이1단지,120.492,201902,11~20,"112,500",5,2015,가재울미래로
서울특별시 서대문구 남가좌동,385,385,0,DMC파크뷰자이1단지,59.981,201902,11~20,"73,500",12,2015,가재울미래로
서울특별시 서대문구 남가좌동,385,385,0,DMC파크뷰자이1단지,84.971,201902,21~28,"84,000",27,2015,가재울미래로
서울특별시 서대문구 남가좌동,376,376,0,남가좌동현대,73.65,201902,11~20,"56,500",5,1999,가재울로
서울특별시 서대문구 남가좌동,376,376,0,남가좌동현대,84.78,201902,21~28,"58,250",19,1999,가재울로
서울특별시 서대문구 남가좌동,377,377,0,남가좌삼성,84.9,201902,11~20,"65,000",10,2000,증가로
서울특별시 서대문구 남가좌동,377,377,0,남가좌삼성,59.59,201902,21~28,"49,250",3,2000,증가로
서울특별시 서대문구 남가좌동,387,387,0,디엠씨엘가,13.03,201902,11~20,"14,500",6,2017,모래내로
서울특별시 서대문구 북가좌동,488,488,0,(488-),50.77,201902,1~10,"29,900",11,2018,응암로
서울특별시 서대문구 북가좌동,481,481,0,DMC래미안e편한세상,59.97,201902,21~28,"70,000",9,2012,수색로
서울특별시 서대문구 북가좌동,431,431,0,연희한양,84.33,201902,1~10,"55,750",11,1987,응암로
서울특별시 서대문구 북가좌동,431,431,0,연희한양,65.34,201902,21~28,"43,000",10,1987,응암로
서울특별시 서대문구 북가좌동,150,150,0,요진,82.08,201902,1~10,"39,000",11,1998,수색로
서울특별시 서대문구 북가좌동,371-1,371,1,월드컵현대,59.76,201902,11~20,"39,000",13,1998,수색로
서울특별시 서대문구 북아현동,1006,1006,0,북아현경남,59.92,201902,11~20,"78,750",8,1996,북아현로
서울특별시 서대문구 연희동,740,740,0,성원,84.95,201901,21~31,"58,000",8,2001,연희로32길
서울특별시 서대문구 연희동,745,745,0,연희자이엘라,13.642,201901,21~31,"15,300",2,2014,연희로5길
서울특별시 서대문구 연희동,745,745,0,연희자이엘라,13.642,201902,11~20,"17,000",11,2014,연희로5길
서울특별시 서대문구 연희동,105-4,105,4,은하,49.59,201901,21~31,"18,200",2,1971,연희로15길
서울특별시 서대문구 연희동,105-4,105,4,은하,49.59,201902,11~20,"20,300",3,1971,연희로15길
서울특별시 서대문구 영천동,100,100,0,독립문삼호,84.78,201902,11~20,"76,000",13,1995,독립문로
서울특별시 서대문구 영천동,100,100,0,독립문삼호,108.63,201902,11~20,"84,000",10,1995,독립문로
서울특별시 서대문구 창천동,510-2,510,2,3RU-City,17.19,201902,1~10,"18,800",4,2013,신촌로
서울특별시 서대문구 창천동,381,381,0,센타폴리스,80.88,201902,11~20,"45,300",1,2005,연희로2길
서울특별시 서대문구 창천동,518,518,0,연대JK,24.09,201902,21~28,"18,000",5,2012,성산로
서울특별시 서대문구 충정로2가,185-15,185,15,현대,99.97,201901,21~31,"61,000",3,1992,충정로7길
서울특별시 서대문구 충정로3가,1-37,1,37,동호,79.52,201902,11~20,"63,000",2,2003,경기대로9길
서울특별시 서대문구 현저동,1019,1019,0,독립문파크빌,59.4,201902,1~10,"47,200",7,2000,통일로
서울특별시 서대문구 홍은동,454,454,0,극동,84.98,201902,11~20,"36,800",15,1995,포방터10길
서울특별시 서대문구 홍은동,440-1,440,1,반석블레스,84.92,201902,21~28,"59,500",4,2013,통일로48가길
서울특별시 서대문구 홍은동,22,22,0,유원,64.26,201902,11~20,"29,500",7,1987,홍은중앙로1길
서울특별시 서대문구 홍은동,459,459,0,진흥,78.02,201902,11~20,"49,500",7,2002,모래내로
서울특별시 서대문구 홍은동,202-5,202,5,"현대(1,2차)",84.77,201902,11~20,"50,000",12,1988,연희로
서울특별시 서대문구 홍은동,455,455,0,홍은동벽산,84.78,201902,21~28,"52,000",5,1997,세검정로1길
서울특별시 서대문구 홍은동,455,455,0,홍은동벽산,114.96,201902,21~28,"57,500",6,1997,세검정로1길
서울특별시 서대문구 홍은동,439-1,439,1,홍은동아더프라임,74.8918,201902,11~20,"51,000",4,2014,통일로
서울특별시 서대문구 홍은동,460,460,0,홍은동풍림아이원,84.918,201902,11~20,"45,000",8,2002,홍은중앙로
서울특별시 서대문구 홍제동,156-200,156,200,고은,58.84,201901,21~31,"22,000",5,1975,모래내로
서울특별시 서대문구 홍제동,315-7,315,7,서울맨션,45.32,201902,11~20,"20,800",5,1972,통일로37길
서울특별시 서대문구 홍제동,315-7,315,7,서울맨션,45.32,201902,21~28,"20,950",5,1972,통일로37길
서울특별시 서대문구 홍제동,132-5,132,5,에이원,58.35,201902,11~20,"35,500",5,2015,홍제원길
서울특별시 서대문구 홍제동,454,454,0,유원하나,103.11,201902,11~20,"49,500",9,1996,세검정로
서울특별시 서대문구 홍제동,467,467,0,인왕산어울림,119.82,201902,1~10,"78,000",3,2006,통일로26길
서울특별시 서대문구 홍제동,453,453,0,청구1차,84.78,201902,21~28,"67,300",12,1994,통일로
서울특별시 서대문구 홍제동,461,461,0,홍제삼성래미안,114.75,201902,11~20,"85,500",14,2001,통일로
서울특별시 서초구 반포동,01월 08일,1,8,반포경남아파트,73.5,201902,11~20,"168,000",7,1978,신반포로
서울특별시 서초구 반포동,1341,1341,0,반포래미안아이파크,84.93,201901,21~31,"205,000",3,2018,서초중앙로
서울특별시 서초구 반포동,30-26,30,26,반포리체,59.993,201902,1~10,"134,500",35,2010,고무래로
서울특별시 서초구 반포동,30-26,30,26,반포리체,84.967,201902,11~20,"192,500",31,2010,고무래로
서울특별시 서초구 반포동,Apr-60,60,4,반포미도,84.96,201902,21~28,"148,000",7,1987,서초중앙로29길
서울특별시 서초구 반포동,20-43,20,43,반포자이,59.98,201902,11~20,"156,500",4,2009,신반포로
서울특별시 서초구 반포동,20-43,20,43,반포자이,84.943,201902,21~28,"231,000",4,2009,신반포로
서울특별시 서초구 방배동,12-36,12,36,라온채,272.74,201902,11~20,"255,000",5,2008,사평대로6길
서울특별시 서초구 방배동,866-20,866,20,방배대우디오빌,29.6,201902,1~10,"34,700",9,2005,서초대로
서울특별시 서초구 방배동,866-20,866,20,방배대우디오빌,29.6,201902,11~20,"32,000",7,2005,서초대로
서울특별시 서초구 방배동,486-8,486,8,방배아트 e편한세상,117.26,201902,21~28,"103,500",5,2005,효령로2길
서울특별시 서초구 방배동,2626,2626,0,삼성래미안1,84.91,201901,21~31,"115,000",4,2003,방배선행길
서울특별시 서초구 방배동,1006-1,1006,1,서초이에스에이3차,59.4,201902,21~28,"86,000",8,2002,명달로
서울특별시 서초구 서초동,1494-4,1494,4,더미켈란,219.44,201901,21~31,"230,000",8,2005,명달로
서울특별시 서초구 서초동,1445-4,1445,4,래미안서초유니빌,49.745,201901,21~31,"50,900",12,2003,서초중앙로
서울특별시 서초구 서초동,1445-4,1445,4,래미안서초유니빌,45.255,201902,11~20,"33,000",14,2003,서초중앙로
서울특별시 서초구 서초동,1686-9,1686,9,서초 교대 e편한세상,131.16,201902,1~10,"200,000",3,2010,서초중앙로24길
서울특별시 서초구 서초동,1529,1529,0,서초2차e-편한세상,116.745,201902,21~28,"140,000",5,2005,효령로49길
서울특별시 서초구 서초동,1684,1684,0,서초4현대,84.99,201902,1~10,"133,000",16,2000,고무래로
서울특별시 서초구 서초동,1518-6,1518,6,서초대림빌라트,168.93,201902,21~28,"165,000",6,2004,명달로16길
서울특별시 서초구 서초동,1330,1330,0,서초동삼성쉐르빌2,35.22,201902,11~20,"26,000",7,2002,강남대로53길
서울특별시 서초구 서초동,1319-13,1319,13,서초현대타워아파트,147.89,201902,1~10,"110,000",29,1997,강남대로
서울특별시 서초구 서초동,1685-3,1685,3,아크로비스타,138.96,201902,1~10,"170,000",14,2004,서초중앙로
서울특별시 서초구 서초동,1497-18,1497,18,현대서초빌라트,243.24,201902,21~28,"165,000",4,1997,명달로
서울특별시 서초구 서초동,1338,1338,0,현대이에스에이아파트,163.95,201902,1~10,"115,500",7,2002,효령로77길
서울특별시 서초구 우면동,720,720,0,서초네이처힐4단지,84.61,201902,21~28,"90,000",2,2011,태봉로2길
서울특별시 서초구 잠원동,157,157,0,동아,84.91,201902,11~20,"162,000",12,2002,신반포로33길
서울특별시 서초구 잠원동,58-24,58,24,신반포11,110.42,201902,21~28,"233,000",10,1981,나루터로4길
서울특별시 서초구 잠원동,74,74,0,신반포14,104.74,201902,11~20,"175,000",11,1983,신반포로23길
서울특별시 서초구 잠원동,58-22,58,22,신반포17,80.4,201902,11~20,"178,000",9,1983,나루터로4길
서울특별시 서초구 잠원동,58-22,58,22,신반포17,80.4,201902,11~20,"178,000",9,1983,나루터로4길
서울특별시 서초구 잠원동,49-17,49,17,신반포18(49-17),51.63,201902,1~10,"80,000",1,1983,잠원로
서울특별시 서초구 잠원동,70,70,0,신반포4,96.48,201902,1~10,"170,000",12,1979,잠원로
서울특별시 서초구 잠원동,159,159,0,아크로리버뷰신반포,78.5,201902,11~20,"109,258",8,2018,잠원로
서울특별시 성동구 금호동1가,280,280,0,e편한세상 신금호,59.98,201902,11~20,"87,300",12,2018,금호로
서울특별시 성동구 금호동1가,633,633,0,벽산,114.57,201902,11~20,"84,000",7,2001,금호로
서울특별시 성동구 성수동1가,685-696,685,696,갤러리아 포레,195.2,201902,21~28,"319,000",13,2011,서울숲2길
서울특별시 성동구 성수동1가,709,709,0,대우2,84.97,201902,1~10,"73,500",4,1999,상원6길
서울특별시 성동구 성수동2가,712,712,0,청구강변1,84.96,201902,21~28,"123,000",9,1994,둘레15길
서울특별시 성동구 옥수동,561,561,0,래미안 옥수 리버젠,59.25,201902,11~20,"96,000",12,2012,매봉길
서울특별시 성동구 옥수동,220-2,220,2,레미테지,227.67,201901,21~31,"168,000",3,2004,독서당로
서울특별시 성동구 옥수동,528,528,0,옥수파크힐스,59.88,201902,1~10,"110,500",11,2016,매봉길
서울특별시 성동구 옥수동,528-1,528,1,이편한세상옥수파크힐스,59.59,201902,11~20,"105,000",11,2016,매봉길
서울특별시 성동구 용답동,15,15,0,중앙하이츠,84.545,201902,1~10,"52,500",5,1995,용답중앙27길
서울특별시 성동구 응봉동,100,100,0,대림(1차),113.71,201902,11~20,"88,000",4,1986,독서당로62길
서울특별시 성동구 응봉동,97,97,0,대림(2차),59.91,201902,11~20,"60,000",4,1989,독서당로
서울특별시 성동구 응봉동,15,15,0,대림강변,59.76,201902,11~20,"68,000",8,2001,고산자로
서울특별시 성동구 응봉동,15,15,0,대림강변,59.76,201902,11~20,"68,700",5,2001,고산자로
서울특별시 성동구 하왕십리동,1058,1058,0,극동미라주,84.33,201902,21~28,"68,500",16,2001,난계로
서울특별시 성동구 하왕십리동,966-18,966,18,상리제나우스,12.84,201902,21~28,"13,000",6,2013,무학봉28길
서울특별시 성동구 하왕십리동,1070,1070,0,센트라스아파트,84.77,201902,11~20,"118,000",5,2016,왕십리로
서울특별시 성동구 하왕십리동,1061,1061,0,풍림아이원,59.936,201902,21~28,"64,800",16,2004,난계로
서울특별시 성동구 행당동,347,347,0,대림e-편한세상,114.94,201902,1~10,"90,000",5,2000,행당로
서울특별시 성북구 길음동,1280-1,1280,1,길음뉴타운3단지푸르지오,59.77,201902,1~10,"47,000",14,2005,길음로13길
서울특별시 성북구 길음동,1283,1283,0,길음뉴타운6단지(래미안),84.049,201902,11~20,"54,000",2,2007,길음로
서울특별시 성북구 길음동,1284,1284,0,길음뉴타운8단지(래미안),84.94,201902,21~28,"72,500",4,2010,길음로
서울특별시 성북구 길음동,1278,1278,0,길음동동부센트레빌(1278-0),114.912,201902,21~28,"72,500",7,2003,숭인로2길
서울특별시 성북구 길음동,1893,1893,0,대연파크푸르지오,84.9866,201902,1~10,"43,000",19,2018,홍곡로
서울특별시 성북구 길음동,1276,1276,0,돈암2-1삼부,84.13,201902,1~10,"50,000",8,1998,동소문로
서울특별시 성북구 돈암동,624,624,0,구현대,91.14,201902,11~20,"43,000",1,1981,정릉로44길
서울특별시 성북구 돈암동,01월 15일,15,1,돈암동삼성,84.59,201902,11~20,"53,000",10,1999,동소문로34길
서울특별시 성북구 돈암동,1,1,0,돈암현대아파트,56.7,201902,1~10,"39,100",2,1991,정릉로
서울특별시 성북구 돈암동,631,631,0,범양,114.93,201902,1~10,"58,500",7,1998,정릉로
서울특별시 성북구 돈암동,609-1,609,1,한신,84.87,201901,21~31,"59,500",11,1998,성북로4길
서울특별시 성북구 돈암동,609-1,609,1,한신,68.13,201902,11~20,"42,380",9,1998,성북로4길
서울특별시 성북구 돈암동,609-1,609,1,한신,132.96,201902,21~28,"60,000",1,1998,성북로4길
서울특별시 성북구 돈암동,609-1,609,1,한진(609-1),132.96,201902,1~10,"68,000",1,1998,성북로4길
서울특별시 성북구 돈암동,609-1,609,1,한진(609-1),84.87,201902,21~28,"57,000",17,1998,성북로4길
서울특별시 성북구 동선동4가,295-1,295,1,한양수자인,68.03,201902,11~20,"36,000",11,2008,동소문로27길
서울특별시 성북구 동소문동6가,03월 01일,3,1,시티플레이스,14.02,201902,21~28,"20,500",9,2015,동소문로
서울특별시 성북구 보문동6가,458,458,0,보문파크뷰자이,59.81,201902,1~10,"75,500",11,2017,보문사길
서울특별시 성북구 상월곡동,101,101,0,동아에코빌,59.95,201902,21~28,"39,500",13,2003,장월로1길
서울특별시 성북구 상월곡동,101,101,0,동아에코빌,59.95,201902,21~28,"38,700",13,2003,장월로1길
서울특별시 성북구 상월곡동,55-56,55,56,우남푸르미아,84.51,201902,11~20,"43,500",11,1994,화랑로15길
서울특별시 성북구 상월곡동,55-56,55,56,우남푸르미아,111.4,201902,11~20,"47,900",3,1994,화랑로15길
서울특별시 성북구 석관동,407,407,0,석관래미안,84.84,201901,21~31,"63,500",5,2009,화랑로
서울특별시 성북구 석관동,407,407,0,석관래미안,59.9,201902,11~20,"57,000",5,2009,화랑로
서울특별시 성북구 석관동,407,407,0,석관래미안,84.84,201902,21~28,"66,000",9,2009,화랑로
서울특별시 성북구 성북동,348-3,348,3,성북,37.36,201902,11~20,"15,500",3,1971,성북로31길
서울특별시 성북구 안암동3가,136-1,136,1,대광,42.61,201902,11~20,"16,000",1,1971,안암로9나길
서울특별시 성북구 안암동3가,135,135,0,삼익,98.04,201902,21~28,"73,000",7,1983,안암로9길
서울특별시 성북구 안암동4가,03월 23일,23,3,안암,61.02,201902,11~20,"20,800",2,1969,안암로9가길
서울특별시 성북구 장위동,314,314,0,그린빌아파트,84.69,201902,1~10,"34,300",4,2002,돌곶이로41가길
서울특별시 성북구 장위동,317,317,0,꿈의숲대명루첸아파트,122.021,201902,21~28,"69,500",3,2008,월계로36길
서울특별시 성북구 장위동,319,319,0,꿈의숲코오롱하늘채,84.71,201902,1~10,"77,000",20,2017,돌곶이로
서울특별시 성북구 장위동,319,319,0,꿈의숲코오롱하늘채,59.5,201902,21~28,"60,000",26,2017,돌곶이로
서울특별시 성북구 장위동,312,312,0,우방아파트,59.98,201902,21~28,"32,900",8,2001,화랑로
서울특별시 성북구 장위동,316-5,316,5,참누리아파트,59.97,201902,11~20,"42,700",11,2006,한천로101길
서울특별시 성북구 정릉동,1015,1015,0,경남,59.59,201902,11~20,"38,500",3,1999,정릉로
서울특별시 성북구 정릉동,1015,1015,0,경남,59.59,201902,11~20,"39,800",1,1999,정릉로
서울특별시 성북구 정릉동,1015,1015,0,경남,50.45,201902,21~28,"35,400",4,1999,정릉로
서울특별시 성북구 정릉동,1022,1022,0,대동황토방,114.89,201901,21~31,"43,500",11,2003,정릉로
서울특별시 성북구 정릉동,1017,1017,0,쌍용2,114.6,201902,21~28,"46,000",2,1999,북악산로
서울특별시 성북구 정릉동,1035,1035,0,정릉2차e-편한세상,84.4,201902,11~20,"60,500",14,2009,북악산로
서울특별시 성북구 정릉동,1028,1028,0,정릉e-편한세상,85,201902,21~28,"50,000",15,2006,솔샘로24길
서울특별시 성북구 정릉동,1019,1019,0,"정릉성원아파트 101동, 102동",59.94,201901,21~31,"31,750",11,2000,정릉로21길
서울특별시 성북구 정릉동,1019,1019,0,"정릉성원아파트 101동, 102동",59.94,201902,1~10,"31,900",12,2000,정릉로21길
서울특별시 성북구 정릉동,1019,1019,0,"정릉성원아파트 101동, 102동",84.92,201902,1~10,"38,600",8,2000,정릉로21길
서울특별시 성북구 정릉동,1019,1019,0,"정릉성원아파트 101동, 102동",59.94,201902,11~20,"34,700",4,2000,정릉로21길
서울특별시 성북구 정릉동,1020,1020,0,정릉우성아파트 101~105동,84.99,201902,1~10,"47,000",8,2000,북악산로
서울특별시 성북구 정릉동,1020,1020,0,정릉우성아파트 101~105동,46.65,201902,1~10,"32,000",8,2000,북악산로
서울특별시 성북구 정릉동,1020,1020,0,정릉우성아파트 101~105동,84.96,201902,11~20,"36,500",4,2000,북악산로
서울특별시 성북구 정릉동,210,210,0,정릉푸른마을동아,59.4,201902,11~20,"38,000",12,2003,서경로
서울특별시 성북구 정릉동,210,210,0,정릉푸른마을동아,84.96,201902,11~20,"44,000",7,2003,서경로
서울특별시 성북구 정릉동,494,494,0,정릉하이츠빌1단지,84.98,201902,11~20,"53,000",4,2004,아리랑로19길
서울특별시 성북구 정릉동,1029,1029,0,정릉한일유앤아이,82.37,201902,21~28,"43,000",11,2006,보국문로37길
서울특별시 성북구 정릉동,1031,1031,0,정릉힐스테이트3차,59.98,201902,1~10,"51,000",1,2008,보국문로
서울특별시 성북구 정릉동,1013,1013,0,청구,83.25,201901,21~31,"32,000",4,1999,서경로
서울특별시 성북구 정릉동,1018,1018,0,태영,59.42,201902,1~10,"35,000",5,1999,서경로
서울특별시 성북구 정릉동,1018,1018,0,태영,84.94,201902,11~20,"47,500",3,1999,서경로
서울특별시 성북구 정릉동,1018,1018,0,태영,59.42,201902,11~20,"38,000",17,1999,서경로
서울특별시 성북구 종암동,128,128,0,극동,59.67,201901,21~31,"34,500",2,2000,북악산로29길
서울특별시 성북구 종암동,133,133,0,래미안세레니티,84.99,201902,1~10,"67,000",18,2009,종암로23길
서울특별시 성북구 종암동,133,133,0,래미안세레니티,84.99,201902,11~20,"69,000",7,2009,종암로23길
서울특별시 성북구 종암동,133,133,0,래미안세레니티,59.97,201902,11~20,"60,000",6,2009,종암로23길
서울특별시 성북구 종암동,133,133,0,래미안세레니티,59.97,201902,21~28,"59,000",3,2009,종암로23길
서울특별시 성북구 종암동,133,133,0,래미안세레니티,59.97,201902,21~28,"53,000",2,2009,종암로23길
서울특별시 성북구 종암동,80,80,0,삼성래미안,114.98,201902,11~20,"70,500",11,2004,종암로25길
서울특별시 성북구 종암동,80,80,0,삼성래미안,59.99,201902,21~28,"50,700",16,2004,종암로25길
서울특별시 성북구 종암동,131,131,0,아이파크2차,114.698,201901,21~31,"74,000",1,2005,종암로9길
서울특별시 성북구 종암동,132,132,0,우림카이저팰리스,84.98,201902,11~20,"60,000",4,2008,종암로
서울특별시 성북구 하월곡동,225,225,0,래미안월곡,59.754,201902,1~10,"50,000",15,2006,오패산로
서울특별시 성북구 하월곡동,225,225,0,래미안월곡,59.754,201902,11~20,"50,000",6,2006,오패산로
서울특별시 성북구 하월곡동,225,225,0,래미안월곡,59.754,201902,11~20,"53,700",7,2006,오패산로
서울특별시 성북구 하월곡동,222,222,0,월곡두산위브,59.855,201901,21~31,"46,700",9,2003,오패산로
서울특별시 성북구 하월곡동,222,222,0,월곡두산위브,84.766,201902,1~10,"56,000",2,2003,오패산로
서울특별시 성북구 하월곡동,222,222,0,월곡두산위브,59.855,201902,21~28,"46,000",7,2003,오패산로
서울특별시 성북구 하월곡동,226,226,0,월곡래미안루나밸리,84.88,201902,21~28,"65,400",7,2007,월곡로14길
서울특별시 송파구 가락동,140,140,0,가락(1차)쌍용아파트,84.69,201902,21~28,"81,000",6,1997,동남로
서울특별시 송파구 가락동,53,53,0,"가락3차쌍용스윗닷홈 101동, 102동",84.99,201902,11~20,"82,000",5,2005,송이로21길
서울특별시 송파구 가락동,Jan-95,95,1,가락금호아파트,85,201902,1~10,"87,500",12,1997,송파대로32길
서울특별시 송파구 가락동,120-4,120,4,가락우성2,59.99,201902,21~28,"56,800",3,2000,중대로12길
서울특별시 송파구 가락동,183,183,0,동구햇살,69.4,201902,1~10,"41,500",4,2002,문정로13길
서울특별시 송파구 가락동,95,95,0,동부센트레빌,143.02,201902,21~28,"117,500",11,2001,송파대로32길
서울특별시 송파구 가락동,98,98,0,두산위브,31,201902,1~10,"19,800",9,2004,송파대로30길
서울특별시 송파구 가락동,199,199,0,프라자,84.67,201902,21~28,"81,500",3,1985,문정로
서울특별시 송파구 거여동,290,290,0,거여1단지,49.8,201902,1~10,"48,200",2,1997,양산로8길
서울특별시 송파구 마천동,304,304,0,마천동금호타운1,59.93,201902,1~10,"59,000",2,1998,마천로57길
서울특별시 송파구 문정동,145,145,0,문정시영,39.69,201902,21~28,"47,300",8,1989,송이로31길
서울특별시 송파구 문정동,618,618,0,파크하비오,84.9072,201902,1~10,"118,000",13,2016,송파대로
서울특별시 송파구 문정동,3,3,0,현대1,84.98,201902,11~20,"90,000",12,1984,동남로
서울특별시 송파구 문정동,150,150,0,훼밀리,84.705,201902,21~28,"112,200",5,1988,중대로
서울특별시 송파구 방이동,89,89,0,올림픽선수기자촌1단지,100.82,201901,21~31,"141,500",3,1988,양재대로
서울특별시 송파구 방이동,89,89,0,올림픽선수기자촌2단지,83.06,201902,11~20,"130,000",9,1988,양재대로
서울특별시 송파구 방이동,89,89,0,올림픽선수기자촌2단지,100.31,201902,11~20,"148,000",8,1988,양재대로
서울특별시 송파구 방이동,89,89,0,올림픽선수기자촌3단지,100.31,201902,11~20,"148,000",3,1988,양재대로
서울특별시 송파구 방이동,May-48,48,5,현대주상복합,27.23,201902,21~28,"20,200",6,1998,오금로11길
서울특별시 송파구 석촌동,216-4,216,4,석촌,148.44,201902,21~28,"65,000",4,2002,삼학사로8길
서울특별시 송파구 석촌동,03월 24일,24,3,석촌호수효성해링턴타워,15.8307,201902,1~10,"29,750",13,2015,석촌호수로
서울특별시 송파구 송파동,162,162,0,송파삼성래미안아파트,105.99,201902,1~10,"100,000",10,2001,오금로32길
서울특별시 송파구 송파동,167-1,167,1,한영해시안,63.81,201902,21~28,"59,800",9,2019,오금로32길
서울특별시 송파구 송파동,104,104,0,힐스빌,72.88,201901,21~31,"39,000",1,2001,백제고분로44길
서울특별시 송파구 신천동,7,7,0,장미1,71.2,201902,11~20,"116,250",8,1979,올림픽로35길
서울특별시 송파구 신천동,17,17,0,파크리오,84.9,201902,1~10,"131,000",21,2008,올림픽로
서울특별시 송파구 신천동,17,17,0,파크리오,59.95,201902,21~28,"111,500",15,2008,올림픽로
서울특별시 송파구 신천동,11월 09일,11,9,한신코아,64.08,201902,21~28,"81,200",12,1988,올림픽로35가길
서울특별시 송파구 오금동,Feb-81,81,2,매그놀리아(1차),80.09,201902,11~20,"47,000",6,2003,중대로
서울특별시 송파구 오금동,165,165,0,상아,122.67,201902,1~10,"100,000",11,1984,오금로
서울특별시 송파구 오금동,138,138,0,우방,59.92,201902,11~20,"51,000",3,2001,성내천로
서울특별시 송파구 오금동,138,138,0,우방,72.77,201902,11~20,"59,500",4,2001,성내천로
서울특별시 송파구 오금동,138,138,0,우방,84.95,201902,21~28,"61,500",2,2001,성내천로
서울특별시 송파구 오금동,164,164,0,우창,76.42,201902,11~20,"69,500",1,1985,동남로24길
서울특별시 송파구 오금동,43,43,0,현대(2-4차),84.98,201902,21~28,"96,000",14,1984,오금로35길
서울특별시 송파구 오금동,43,43,0,현대(2-4차),84.98,201902,21~28,"101,500",4,1984,오금로35길
서울특별시 송파구 잠실동,40,40,0,갤러리아팰리스,150.689,201902,21~28,"165,500",22,2005,올림픽로
서울특별시 송파구 잠실동,44,44,0,레이크팰리스,135.82,201902,11~20,"209,000",21,2006,잠실로
서울특별시 송파구 잠실동,22,22,0,리센츠,84.99,201901,21~31,"160,000",20,2008,올림픽로
서울특별시 송파구 잠실동,22,22,0,리센츠,84.99,201902,1~10,"151,000",9,2008,올림픽로
서울특별시 송파구 잠실동,22,22,0,리센츠,84.99,201902,1~10,"151,500",10,2008,올림픽로
서울특별시 송파구 잠실동,101-1,101,1,우성아파트,96.65,201902,11~20,"140,000",5,1981,올림픽로4길
서울특별시 송파구 잠실동,19,19,0,잠실엘스,84.8,201902,11~20,"167,000",16,2008,올림픽로
서울특별시 송파구 잠실동,19,19,0,잠실엘스,84.8,201902,11~20,"152,000",5,2008,올림픽로
서울특별시 송파구 잠실동,27,27,0,주공아파트 5단지,82.61,201902,1~10,"181,000",5,1978,송파대로
서울특별시 송파구 잠실동,35,35,0,트리지움,84.83,201902,1~10,"146,900",27,2007,잠실로
서울특별시 송파구 잠실동,35,35,0,트리지움,84.97,201902,21~28,"138,000",19,2007,잠실로
서울특별시 송파구 장지동,847,847,0,송파파인타운6단지,84.98,201902,11~20,"83,200",10,2008,충민로6길
서울특별시 송파구 장지동,879,879,0,위례22단지(비발디),51.82,201902,21~28,"67,000",21,2013,위례광장로
서울특별시 송파구 장지동,884,884,0,위례2차아이파크,90.8877,201902,11~20,"120,000",25,2016,위례광장로
서울특별시 송파구 풍납동,299-1,299,1,강변현대,83.19,201902,1~10,"57,000",1,1991,한가람로
서울특별시 송파구 풍납동,391,391,0,극동,79.945,201902,11~20,"78,500",9,1987,올림픽로45길
서울특별시 송파구 풍납동,510,510,0,신성노바빌아파트,59.78,201902,1~10,"60,000",18,2000,한가람로
서울특별시 송파구 풍납동,510,510,0,신성노바빌아파트,59.78,201902,11~20,"59,800",12,2000,한가람로
서울특별시 송파구 풍납동,413-1,413,1,현대1,83.02,201902,21~28,"85,000",2,1995,올림픽로
서울특별시 양천구 목동,752-1,752,1,극동늘푸른,59.91,201902,11~20,"50,000",6,1998,목동중앙본로
서울특별시 양천구 목동,808-5,808,5,대원칸타빌,84.97,201902,11~20,"40,000",7,2001,목동로
서울특별시 양천구 목동,714-1,714,1,두란,82.58,201902,11~20,"29,000",1,1996,목동중앙남로3가길
서울특별시 양천구 목동,521-2,521,2,두레,58.12,201902,11~20,"26,500",7,2002,목동중앙북로
서울특별시 양천구 목동,739-5,739,5,목동길성그랑프리텔,77.9337,201901,21~31,"45,500",6,2003,목동중앙본로7길
서울특별시 양천구 목동,739-5,739,5,목동길성그랑프리텔,77.9337,201902,11~20,"48,000",6,2003,목동중앙본로7길
서울특별시 양천구 목동,404-13,404,13,목동센트럴푸르지오,84.9914,201902,21~28,"122,000",10,2015,오목로
서울특별시 양천구 목동,929,929,0,목동청구한신아파트,84.77,201902,11~20,"96,000",8,1997,목동서로2길
서울특별시 양천구 목동,960,960,0,신한이모르젠,84.92,201902,1~10,"49,800",9,2006,목동중앙북로
서울특별시 양천구 목동,769-19,769,19,에이스,83.09,201902,21~28,"40,000",6,1997,목동중앙남로
서울특별시 양천구 목동,947,947,0,월드메르디앙3,84.95,201902,11~20,"86,500",4,2003,목동동로
서울특별시 양천구 목동,916,916,0,현대하이페리온,167.44,201902,11~20,"200,000",54,2003,목동동로
서울특별시 양천구 목동,916,916,0,현대하이페리온,157.97,201902,11~20,"170,000",46,2003,목동동로
서울특별시 양천구 목동,315-6,315,6,힐타운,74.05,201902,11~20,"33,700",7,2004,목동중앙본로19길
서울특별시 양천구 신월동,1045,1045,0,3차신성미소지움,84.8,201902,21~28,"43,300",3,2007,오목로
서울특별시 양천구 신월동,142-14,142,14,금하뜨라네,84.79,201902,1~10,"31,800",3,2008,가로공원로56길
서울특별시 양천구 신월동,1043,1043,0,길훈엔트런스빌,58.89,201902,11~20,"31,300",7,2005,곰달래로11길
서울특별시 양천구 신월동,1043,1043,0,길훈엔트런스빌,84.96,201902,21~28,"40,400",11,2005,곰달래로11길
서울특별시 양천구 신월동,217-2,217,2,나산,59.9,201902,11~20,"23,500",10,1997,남부순환로65길
서울특별시 양천구 신월동,607-1,607,1,동방,27.69,201902,1~10,"13,900",12,1999,신월로
서울특별시 양천구 신월동,492-23,492,23,동양브로미(102동)B,83.94,201902,21~28,"31,800",7,2004,오목로15길
서울특별시 양천구 신월동,1063,1063,0,롯데캐슬,116.375,201901,21~31,"80,800",9,2014,중앙로29길
서울특별시 양천구 신월동,1030,1030,0,방주기픈샘,80.395,201902,21~28,"31,000",1,2004,월정로8길
서울특별시 양천구 신월동,559-5,559,5,삼동5,76.11,201901,21~31,"28,000",5,1997,신월로10길
서울특별시 양천구 신월동,475,475,0,서울가든,100.8,201902,11~20,"39,300",2,1985,중앙로53길
서울특별시 양천구 신월동,350-2,350,2,신안파크,47.6,201902,11~20,"15,400",5,1987,지양로15길
서울특별시 양천구 신월동,350-2,350,2,신안파크,47.6,201902,21~28,"15,200",5,1987,지양로15길
서울특별시 양천구 신월동,987-1,987,1,신월시영,43.2,201902,1~10,"30,600",6,1988,신월로
서울특별시 양천구 신월동,987-1,987,1,신월시영,43.2,201902,11~20,"30,750",8,1988,신월로
서울특별시 양천구 신월동,987-1,987,1,신월시영,59.49,201902,11~20,"41,000",5,1988,신월로
서울특별시 양천구 신월동,987-1,987,1,신월시영,50.67,201902,21~28,"34,500",1,1988,신월로
서울특별시 양천구 신월동,480-4,480,4,예지보금자리 74차,55.69,201902,21~28,"27,500",3,2014,오목로15길
서울특별시 양천구 신월동,1058,1058,0,코아루2단지,84.95,201902,11~20,"35,500",3,2010,남부순환로56길
서울특별시 양천구 신월동,1025,1025,0,탑건진선미,83.15,201902,11~20,"40,000",8,2004,화곡로4길
서울특별시 양천구 신월동,128,128,0,태헌(신월프라자),56.97,201902,11~20,"21,000",9,1999,곰달래로5길
서울특별시 양천구 신정동,333,333,0,대림,84.89,201902,11~20,"67,000",8,1992,신목로5길
서울특별시 양천구 신정동,1308,1308,0,동원로데오(1308),82.8,201902,21~28,"57,000",12,2006,목동로29길
서울특별시 양천구 신정동,1311,1311,0,동일하이빌2단지,115.321,201902,1~10,"75,000",9,2005,신정로11길
서울특별시 양천구 신정동,326,326,0,목동신시가지12,53.46,201902,11~20,"75,000",10,1988,목동동로
서울특별시 양천구 신정동,326,326,0,목동신시가지12,53.46,201902,21~28,"72,000",15,1988,목동동로
서울특별시 양천구 신정동,327,327,0,목동신시가지13,53.9,201902,11~20,"72,000",3,1987,목동동로
서울특별시 양천구 신정동,327,327,0,목동신시가지13,70.73,201902,21~28,"90,000",7,1987,목동동로
서울특별시 양천구 신정동,329,329,0,목동신시가지14,71.4,201902,11~20,"98,500",10,1987,목동동로
서울특별시 양천구 신정동,312,312,0,목동신시가지9,106.93,201902,11~20,"130,000",3,1987,목동서로
서울특별시 양천구 신정동,312,312,0,목동신시가지9,156.84,201902,11~20,"171,000",2,1987,목동서로
서울특별시 양천구 신정동,1279,1279,0,목동현대3차,84.77,201902,11~20,"84,000",16,1997,목동동로12길
서울특별시 양천구 신정동,1323,1323,0,목동힐스테이트,100.84,201902,11~20,"119,000",5,2016,중앙로36길
서울특별시 양천구 신정동,1323,1323,0,목동힐스테이트,84.98,201902,21~28,"116,000",17,2016,중앙로36길
서울특별시 양천구 신정동,1323,1323,0,목동힐스테이트,59.95,201902,21~28,"90,000",8,2016,중앙로36길
서울특별시 양천구 신정동,918-1,918,1,삼백훼미리,78.84,201902,21~28,"27,200",1,2002,오목로35길
서울특별시 양천구 신정동,201-1,201,1,세양청마루2차주상복합,84.42,201902,11~20,"42,800",7,2008,목동남로4길
서울특별시 양천구 신정동,1259,1259,0,신트리1,49.95,201902,1~10,"41,000",2,1999,신정로
서울특별시 양천구 신정동,1259,1259,0,신트리1,49.8,201902,1~10,"42,500",15,1999,신정로
서울특별시 양천구 신정동,1277,1277,0,신트리4,49.08,201902,21~28,"32,800",1,2000,신정로
서울특별시 양천구 신정동,1322,1322,0,이펜하우스2단지,84.51,201902,21~28,"56,500",3,2011,신정이펜2로
서울특별시 양천구 신정동,1210-1,1210,1,자성,37.48,201902,21~28,"31,000",6,2004,중앙로39길
서울특별시 양천구 신정동,1281,1281,0,푸른마을2,59.85,201902,21~28,"45,000",7,2001,신정로7길
서울특별시 영등포구 당산동,376,376,0,강변래미안,108.15,201902,11~20,"85,000",5,2002,버드나루로
서울특별시 영등포구 당산동,376,376,0,강변래미안,55.91,201902,21~28,"77,000",8,2002,버드나루로
서울특별시 영등포구 당산동,121-19,121,19,계명,58.34,201902,11~20,"33,500",5,2002,국회대로55길
서울특별시 영등포구 당산동,121-108,121,108,훼미리하우스138,14.28,201902,21~28,"13,000",12,2013,버드나루로17길
서울특별시 영등포구 당산동1가,01월 16일,16,1,진로,59.4,201902,1~10,"64,500",12,1997,당산로
서울특별시 영등포구 당산동3가,566,566,0,당산계룡리슈빌2단지,46.203,201902,21~28,"59,000",8,2014,양산로25길
서울특별시 영등포구 당산동3가,02월 06일,2,6,한양,84.93,201902,11~20,"76,500",5,1986,영신로
서울특별시 영등포구 당산동4가,96,96,0,당산동반도유보라팰리스,84.99,201902,21~28,"96,000",14,2010,국회대로
서울특별시 영등포구 당산동4가,98,98,0,브라운스톤 당산,84.039,201902,21~28,"80,000",4,2015,영신로55길
서울특별시 영등포구 당산동6가,336-4,336,4,유탑유블레스,13.7067,201902,11~20,"17,500",7,2012,당산로49길
서울특별시 영등포구 당산동6가,336-4,336,4,유탑유블레스,13.7067,201902,11~20,"17,700",10,2012,당산로49길
서울특별시 영등포구 대림동,1061,1061,0,문영칸타빌레,84.89,201902,1~10,"45,000",9,2001,도림천로
서울특별시 영등포구 대림동,1124,1124,0,신대림 신동아파밀리에,126.3249,201902,11~20,"65,000",12,2013,도림로54길
서울특별시 영등포구 대림동,762-1,762,1,우성1,83.59,201902,1~10,"53,000",15,1985,도림로
서울특별시 영등포구 대림동,762-1,762,1,우성1,52.07,201902,11~20,"42,950",13,1985,도림로
서울특별시 영등포구 대림동,695,695,0,우성2,79.91,201902,11~20,"53,500",8,1992,도림로47길
서울특별시 영등포구 도림동,231-1,231,1,한라,59.85,201902,21~28,"41,900",14,1998,도신로15라길
서울특별시 영등포구 문래동3가,78,78,0,문래우정,84.99,201902,21~28,"70,000",14,1998,도림로
서울특별시 영등포구 문래동5가,01월 23일,23,1,현대5,84.79,201902,11~20,"56,500",9,1992,선유서로9길
서울특별시 영등포구 문래동6가,45,45,0,현대2,59.85,201901,21~31,"53,000",13,1987,문래로4길
서울특별시 영등포구 문래동6가,Jan-55,55,1,현대6,114.57,201901,21~31,"69,500",5,1997,선유서로
서울특별시 영등포구 신길동,364,364,0,건영,60.27,201901,21~31,"53,500",12,1985,도림로
서울특별시 영등포구 신길동,Jan-67,67,1,경남,84.96,201902,1~10,"76,300",7,1999,영등포로
서울특별시 영등포구 신길동,4950,4950,0,래미안에스티움,84.97,201902,1~10,"106,800",10,2017,신풍로
서울특별시 영등포구 신길동,4950,4950,0,래미안에스티움,84.97,201902,11~20,"103,000",2,2017,신풍로
서울특별시 영등포구 신길동,897-1,897,1,삼환,84.84,201902,21~28,"68,300",3,1997,여의대방로43라길
서울특별시 영등포구 신길동,401,401,0,슈와이,82.39,201902,21~28,"35,000",5,2004,도림로81길
서울특별시 영등포구 신길동,261-22,261,22,신길레전드 힐스,13.74,201902,1~10,"10,200",12,2013,가마산로
서울특별시 영등포구 신길동,261-22,261,22,신길레전드 힐스,13.74,201902,11~20,"9,500",13,2013,가마산로
서울특별시 영등포구 신길동,261-22,261,22,신길레전드 힐스,13.74,201902,21~28,"10,400",17,2013,가마산로
서울특별시 영등포구 신길동,4942,4942,0,여의도리버뷰,12.96,201902,21~28,"12,500",5,2012,여의대방로61길
서울특별시 영등포구 신길동,4501,4501,0,우창,55.9,201902,1~10,"59,500",9,1983,여의대방로5길
서울특별시 영등포구 신길동,65-21,65,21,프리가,18.52,201902,11~20,"14,200",5,2013,영등포로
서울특별시 영등포구 양평동2가,23,23,0,벽산,59.58,201902,21~28,"46,000",7,1990,선유서로21길
서울특별시 영등포구 양평동3가,79,79,0,현대,84.55,201902,11~20,"68,000",16,1991,선유동2로
서울특별시 영등포구 여의도동,Apr-43,43,4,롯데캐슬아이비,137.09,201902,21~28,"119,500",21,2005,국제금융로
서울특별시 영등포구 여의도동,Feb-30,30,2,삼부,92.13,201902,21~28,"131,000",13,1975,국제금융로7길
서울특별시 영등포구 여의도동,32,32,0,수정,74.55,201902,21~28,"110,000",10,1976,국제금융로7길
서울특별시 영등포구 여의도동,11월 01일,11,1,순복음(초원),66.94,201902,11~20,"62,000",12,1971,국회대로76가길
서울특별시 영등포구 여의도동,42,42,0,한양,105.72,201902,21~28,"122,500",4,1975,국제금융로
서울특별시 영등포구 영등포동1가,145,145,0,(145-0),14.24,201902,21~28,"12,000",11,2012,경인로114길
서울특별시 영등포구 영등포동1가,145,145,0,(145-0),14.24,201902,21~28,"12,000",3,2012,경인로114길
서울특별시 영등포구 영등포동1가,113-1,113,1,여의도시티아이,12.59,201902,21~28,"12,800",14,2013,경인로
서울특별시 영등포구 영등포동1가,144,144,0,헤렌어반,14.512,201902,11~20,"10,550",3,2011,경인로114가길
서울특별시 영등포구 영등포동1가,144,144,0,헤렌어반,18.169,201902,11~20,"13,800",8,2011,경인로114가길
서울특별시 영등포구 영등포동3가,02월 19일,19,2,포레스트힐 시티,13.53,201902,11~20,"12,000",10,2014,영중로6길
서울특별시 영등포구 영등포동7가,94-51,94,51,훼미리하우스117,16.98,201902,21~28,"13,000",12,2012,버드나루로
서울특별시 용산구 도원동,03월 04일,3,4,제일1,45.26,201902,11~20,"28,000",4,1971,새창로12길
서울특별시 용산구 문배동,04월 24일,24,4,용산큐브,13.01,201902,1~10,"20,200",15,2013,백범로90길
서울특별시 용산구 문배동,08월 24일,24,8,프라임팰리스,13.51,201902,11~20,"17,400",14,2012,백범로90길
서울특별시 용산구 산천동,193,193,0,리버힐삼성,114.48,201902,11~20,"117,500",19,2001,효창원로
서울특별시 용산구 서빙고동,241-21,241,21,신동아,166.98,201902,21~28,"207,500",8,1984,이촌로
서울특별시 용산구 이촌동,402,402,0,강촌,84.77,201902,11~20,"119,000",2,1998,이촌로87길
서울특별시 용산구 이촌동,411,411,0,동아그린,43.02,201902,11~20,"70,000",12,1999,이촌로
서울특별시 용산구 이촌동,422,422,0,북한강(성원),59.55,201902,1~10,"99,000",8,2001,이촌로2가길
서울특별시 용산구 이촌동,399-1,399,1,우성,114.74,201902,21~28,"148,000",8,1995,이촌로
서울특별시 용산구 이촌동,404,404,0,한가람,84.96,201902,11~20,"146,500",1,1998,이촌로71길
서울특별시 용산구 이촌동,300-23,300,23,한강맨숀,101.95,201901,21~31,"220,000",2,1971,이촌로
서울특별시 용산구 이촌동,300-23,300,23,한강맨숀,101.95,201902,11~20,"200,000",1,1971,이촌로
서울특별시 용산구 이태원동,02월 22일,22,2,청화1,104.66,201901,21~31,"138,000",10,1982,장문로
서울특별시 용산구 이태원동,02월 22일,22,2,청화1,106.15,201902,11~20,"115,000",1,1982,장문로
서울특별시 용산구 한강로1가,64,64,0,대우월드마크용산,107.626,201902,21~28,"103,000",4,2007,한강대로
서울특별시 용산구 한남동,258,258,0,리버티하우스,217.42,201902,1~10,"162,000",8,2001,독서당로
서울특별시 용산구 한남동,810,810,0,한남더힐,240.23,201902,1~10,"630,000",-2,2011,독서당로
서울특별시 용산구 한남동,810,810,0,한남더힐,59.686,201902,21~28,"188,000",3,2011,독서당로
서울특별시 용산구 한남동,810,810,0,한남더힐,59.686,201902,21~28,"188,000",3,2011,독서당로
서울특별시 용산구 한남동,Jan-72,72,1,한남동리첸시아,37.53,201902,1~10,"52,000",11,2004,한남대로
서울특별시 용산구 한남동,828,828,0,한남아이파크애비뉴,47.8105,201902,1~10,"76,000",9,2017,독서당로
서울특별시 용산구 후암동,423-1,423,1,후암미주,62.78,201902,1~10,"63,000",5,1980,후암로
서울특별시 용산구 후암동,423-1,423,1,후암미주,64.26,201902,21~28,"70,000",5,1980,후암로
서울특별시 은평구 갈현동,541-1,541,1,갈현건영,82.94,201902,11~20,"33,200",2,2001,갈현로45길
서울특별시 은평구 갈현동,541-1,541,1,갈현건영,77.25,201902,11~20,"31,500",2,2001,갈현로45길
서울특별시 은평구 갈현동,467-2,467,2,역촌맨션,53.2,201902,11~20,"24,000",2,1973,연서로19길
서울특별시 은평구 갈현동,467-2,467,2,역촌맨션,65.78,201902,11~20,"24,000",6,1973,연서로17길
서울특별시 은평구 갈현동,540,540,0,우남,59.92,201902,11~20,"25,900",4,1998,서오릉로
서울특별시 은평구 갈현동,281-236,281,236,인우(281-236),76.65,201902,21~28,"38,000",2,1999,갈현로37길
서울특별시 은평구 갈현동,545,545,0,코오롱하늘채,84.9462,201902,11~20,"49,000",9,2003,갈현로29길
서울특별시 은평구 갈현동,539,539,0,한솔,114.98,201902,21~28,"42,500",8,1997,갈현로23길
서울특별시 은평구 갈현동,542-1,542,1,현재트윈빌,170.1,201902,21~28,"50,000",4,2000,서오릉로20길
서울특별시 은평구 구산동,547,547,0,갈현1단지e-편한세상,122.578,201902,1~10,"54,000",12,2004,서오릉로21길
서울특별시 은평구 구산동,547,547,0,갈현1단지e-편한세상,59.887,201902,11~20,"38,300",12,2004,서오릉로21길
서울특별시 은평구 구산동,547,547,0,갈현1단지e-편한세상,84.618,201902,11~20,"42,000",9,2004,서오릉로21길
서울특별시 은평구 구산동,547,547,0,갈현1단지e-편한세상,84.618,201902,21~28,"42,000",6,2004,서오릉로21길
서울특별시 은평구 구산동,382,382,0,갈현현대,84.83,201902,1~10,"35,000",14,1998,서오릉로21길
서울특별시 은평구 구산동,382,382,0,갈현현대,53.54,201902,11~20,"21,000",3,1998,서오릉로21길
서울특별시 은평구 구산동,382,382,0,갈현현대,59.94,201902,21~28,"28,650",7,1998,서오릉로21길
서울특별시 은평구 구산동,224,224,0,경남아너스빌,84.69,201902,1~10,"41,500",11,2004,갈현로11길
서울특별시 은평구 구산동,546,546,0,대림e-편한세상2,59.886,201902,11~20,"34,000",3,2004,서오릉로21길
서울특별시 은평구 녹번동,280-1,280,1,녹번JR아파트,59.866,201902,11~20,"45,300",8,2002,통일로
서울특별시 은평구 녹번동,176-22,176,22,유일아트리움,53.54,201902,1~10,"38,000",12,2016,응암로
서울특별시 은평구 대조동,09월 29일,9,29,뉴캐슬,16.56,201902,11~20,"13,400",9,2013,불광로1길
서울특별시 은평구 대조동,231,231,0,삼성타운,122.68,201902,21~28,"60,000",8,1997,서오릉로
서울특별시 은평구 대조동,231,231,0,삼성타운,84.82,201902,21~28,"51,000",18,1997,서오릉로
서울특별시 은평구 대조동,15-114,15,114,정익제이원아파트(15-114),26.65,201902,21~28,"22,450",7,2015,통일로65길
서울특별시 은평구 대조동,172-75,172,75,호림리슈리안,56.83,201902,11~20,"46,000",11,2018,서오릉로
서울특별시 은평구 불광동,285-18,285,18,경인에버빌(285-18),28.18,201902,21~28,"30,000",13,2018,통일로
서울특별시 은평구 불광동,391-68,391,68,대광월드,82.83,201902,1~10,"33,000",1,2003,통일로88길
서울특별시 은평구 불광동,248,248,0,라이프미성,125.75,201902,11~20,"74,000",5,1988,통일로
서울특별시 은평구 불광동,248,248,0,라이프미성,84.65,201902,11~20,"61,500",15,1988,통일로
서울특별시 은평구 불광동,643,643,0,북한산 힐스테이트7차,59.981,201902,21~28,"70,100",10,2011,통일로
서울특별시 은평구 불광동,637,637,0,북한산래미안아파트(2단지),59.9932,201902,21~28,"64,000",9,2010,진흥로
서울특별시 은평구 불광동,633,633,0,북한산현대홈타운,59.9765,201902,21~28,"58,000",3,2004,불광로2길
서울특별시 은평구 불광동,641,641,0,북한산현대힐스테이트3차아파트,59.99,201902,1~10,"59,000",6,2010,불광로
서울특별시 은평구 불광동,484-90,484,90,윤현(484-90),79.45,201902,21~28,"34,800",1,1998,통일로82길
서울특별시 은평구 불광동,330-14,330,14,청나아파트,84.05,201902,1~10,"31,000",3,2003,통일로72길
서울특별시 은평구 수색동,345-4,345,4,제일아파트가동(345-4),90.06,201902,11~20,"46,278",1,2007,수색로20길
서울특별시 은평구 신사동,356,356,0,뉴신사신성,84.42,201902,1~10,"34,000",7,1993,은평터널로
서울특별시 은평구 신사동,140-1,140,1,라이프미성,63.53,201902,21~28,"33,000",7,1987,증산로15길
서울특별시 은평구 신사동,354,354,0,라이프씨티,83.04,201902,11~20,"32,500",14,1992,갈현로3다길
서울특별시 은평구 신사동,19-162,19,162,명남더블레스(19-162),52.29,201902,11~20,"45,800",10,2018,가좌로
서울특별시 은평구 신사동,19-162,19,162,명남더블레스(19-162),52.29,201902,21~28,"45,800",6,2018,가좌로
서울특별시 은평구 신사동,361,361,0,삼부,86.55,201902,1~10,"37,000",3,2001,증산로21길
서울특별시 은평구 신사동,09월 23일,23,9,정은노블스A,83.66,201902,1~10,"39,200",3,2006,증산로
서울특별시 은평구 신사동,359,359,0,현대1,84.17,201902,11~20,"31,000",1,1997,은평터널로
서울특별시 은평구 신사동,359,359,0,현대1,84.17,201902,21~28,"39,500",1,1997,은평터널로
서울특별시 은평구 역촌동,32-37,32,37,서안,84.48,201902,11~20,"34,500",2,2003,연서로6길
서울특별시 은평구 역촌동,Dec-85,85,12,센타폴리스,106.38,201902,21~28,"60,000",6,2004,연서로
서울특별시 은평구 역촌동,17-17,17,17,위산엘리시움,55.61,201902,11~20,"39,000",12,2018,진흥로9길
서울특별시 은평구 역촌동,17-17,17,17,위산엘리시움,52.49,201902,21~28,"38,400",4,2018,진흥로9길
서울특별시 은평구 역촌동,231,231,0,한국리치빌,84.2164,201902,1~10,"46,000",3,2003,연서로3가길
서울특별시 은평구 응암동,742-3,742,3,남청파인힐,60.9,201902,21~28,"30,000",5,2001,응암로
서울특별시 은평구 응암동,176,176,0,대우푸르지오,59.58,201901,21~31,"47,000",13,2008,백련산로
서울특별시 은평구 응암동,176,176,0,대우푸르지오,84.2,201902,1~10,"46,500",7,2008,백련산로
서울특별시 은평구 응암동,176,176,0,대우푸르지오,59.58,201902,11~20,"42,200",3,2008,백련산로
서울특별시 은평구 응암동,669-1,669,1,대주파크빌,128.92,201902,21~28,"49,000",3,2003,백련산로
서울특별시 은평구 응암동,116-26,116,26,드림캐시아1,59.38,201902,11~20,"35,400",12,2011,응암로
서울특별시 은평구 응암동,759,759,0,백련산힐스테이트1차,59.93,201902,21~28,"53,000",7,2011,백련산로2길
서울특별시 은평구 응암동,759,759,0,백련산힐스테이트1차,59.85,201902,21~28,"55,000",7,2011,백련산로2길
서울특별시 은평구 응암동,760,760,0,백련산힐스테이트2차,84.59,201902,1~10,"56,000",1,2011,백련산로
서울특별시 은평구 응암동,Mar-97,97,3,서안에이스,108.73,201901,21~31,"44,000",5,2004,백련산로
서울특별시 은평구 증산동,254,254,0,DMC문영퀸즈파크,84.97,201902,21~28,"42,000",2,2004,증산로13길
서울특별시 은평구 증산동,254,254,0,DMC문영퀸즈파크,84.97,201902,21~28,"41,750",9,2004,증산로13길
서울특별시 은평구 증산동,257,257,0,베로니스,53.38,201901,21~31,"47,500",4,2019,증산로
서울특별시 은평구 증산동,257,257,0,베로니스,54.25,201902,1~10,"48,300",12,2019,증산로
서울특별시 은평구 증산동,257,257,0,베로니스,54.25,201902,1~10,"48,000",2,2019,증산로
서울특별시 은평구 증산동,257,257,0,베로니스,54.84,201902,1~10,"47,500",3,2019,증산로
서울특별시 은평구 증산동,257,257,0,베로니스,54.25,201902,1~10,"49,700",6,2019,증산로
서울특별시 은평구 증산동,257,257,0,베로니스,54.84,201902,1~10,"49,300",6,2019,증산로
서울특별시 은평구 진관동,25,25,0,은평뉴타운 구파발(삼성래미안9단지),166.98,201901,21~31,"91,000",4,2010,진관3로
서울특별시 은평구 진관동,25,25,0,은평뉴타운 구파발(삼성래미안9단지),84.84,201902,21~28,"69,500",6,2010,진관3로
서울특별시 은평구 진관동,101,101,0,은평뉴타운 박석고개(힐스테이트12단지),84.49,201902,1~10,"69,000",13,2009,진관1로
서울특별시 은평구 진관동,83,83,0,은평뉴타운 우물골(두산위브5단지),59.37,201902,11~20,"56,500",5,2009,진관2로
서울특별시 은평구 진관동,81,81,0,은평뉴타운 우물골(두산위브6단지),84.71,201902,11~20,"70,000",8,2009,진관2로
서울특별시 은평구 진관동,20,20,0,은평뉴타운상림마을(롯데캐슬A-12),84.97,201902,21~28,"69,000",8,2008,진관3로
서울특별시 은평구 진관동,6,6,0,은평뉴타운상림마을(현대아이파크B-4),84.83,201902,1~10,"60,000",3,2008,진관4로
서울특별시 은평구 진관동,65,65,0,은평뉴타운엘크루,59.98,201902,1~10,"58,000",18,2017,진관3로
서울특별시 종로구 명륜1가,May-45,45,5,아마레스,84.59,201902,11~20,"59,500",4,2002,혜화로5길
서울특별시 종로구 사직동,9,9,0,광화문풍림스페이스본(101동~105동),147.31,201901,21~31,"119,000",1,2008,사직로8길
서울특별시 종로구 숭인동,296-19,296,19,삼전솔하임2차,16.67,201902,1~10,"12,850",9,2012,종로58가길
서울특별시 종로구 숭인동,318-2,318,2,삼전솔하임4차,15.09,201902,1~10,"13,700",15,2014,지봉로4길
서울특별시 종로구 숭인동,318-2,318,2,삼전솔하임4차,15.09,201902,11~20,"14,000",14,2014,지봉로4길
서울특별시 종로구 숭인동,1421-1,1421,1,종로동광모닝스카이,15.855,201901,21~31,"12,200",14,2013,난계로29가길
서울특별시 종로구 연건동,195-10,195,10,이화에수풀,16.98,201902,1~10,"19,400",4,2014,대학로
서울특별시 종로구 연건동,195-10,195,10,이화에수풀,16.98,201902,21~28,"19,300",10,2014,대학로
서울특별시 종로구 창신동,601-2,601,2,MID그린(3동),58.91,201902,1~10,"25,400",2,2002,창신길
서울특별시 종로구 창신동,640-252,640,252,성용,58.23,201902,11~20,"26,800",2,1994,창신4가길
서울특별시 종로구 창신동,703,703,0,창신쌍용2,79.87,201902,11~20,"53,500",4,1993,낙산길
서울특별시 종로구 평동,233,233,0,경희궁자이(3단지),59.855,201902,11~20,"121,500",6,2017,경교장길
서울특별시 종로구 평창동,45,45,0,벽산블루밍평창힐스,150.94,201902,1~10,"95,000",5,2004,평창문화로
서울특별시 종로구 홍파동,199,199,0,경희궁자이(2단지),116.986,201902,11~20,"210,000",15,2017,송월길
서울특별시 중구 남창동,205-44,205,44,경서,36.58,201902,11~20,"18,700",6,1970,퇴계로2길
서울특별시 중구 신당동,844,844,0,남산타운,114.88,201902,1~10,"113,000",1,2002,다산로
서울특별시 중구 신당동,140-23,140,23,신당역솔하임,14.08,201902,21~28,"21,000",19,2016,퇴계로
서울특별시 중구 신당동,842,842,0,약수하이츠,57.63,201902,11~20,"68,000",12,1999,동호로10길
서울특별시 중구 오장동,206-34,206,34,이지마루오장,23.94,201902,11~20,"29,800",14,2018,마른내로
서울특별시 중구 충무로4가,120-3,120,3,진양상가,101.19,201902,21~28,"53,000",8,1970,퇴계로
서울특별시 중구 충무로5가,Feb-36,36,2,충무로엘크루메크로시티2,22.75,201902,1~10,"23,400",17,2016,퇴계로49길
서울특별시 중구 황학동,2545,2545,0,롯데캐슬,84.97,201902,1~10,"73,800",19,2008,청계천로
서울특별시 중구 황학동,2545,2545,0,롯데캐슬,114.9,201902,11~20,"82,000",26,2008,청계천로
서울특별시 중구 황학동,981,981,0,중구리버빌,83.59,201902,11~20,"39,500",2,2003,난계로13길
서울특별시 중구 황학동,2523,2523,0,황학아크로타워,149.06,201902,1~10,"86,000",8,2010,퇴계로
서울특별시 중구 황학동,2523,2523,0,황학아크로타워,149.06,201902,1~10,"86,000",8,2010,퇴계로
서울특별시 중구 회현동1가,208,208,0,남산 롯데캐슬 아이리스,133.98,201902,21~28,"134,000",29,2011,소공로
서울특별시 중구 회현동1가,Feb-97,97,2,평화,56.08,201902,21~28,"29,000",6,1976,퇴계로8길
서울특별시 중랑구 망우동,506-8,506,8,EG Soul Leader,13.07,201902,11~20,"9,400",7,2012,상봉로
서울특별시 중랑구 망우동,506-8,506,8,EG Soul Leader,13.42,201902,21~28,"9,400",5,2012,상봉로
서울특별시 중랑구 망우동,506-8,506,8,EG Soul Leader,13.42,201902,21~28,"8,900",6,2012,상봉로
서울특별시 중랑구 망우동,573,573,0,신원,84.87,201901,21~31,"36,800",9,1999,망우로
서울특별시 중랑구 망우동,573,573,0,신원,59.62,201902,21~28,"29,500",17,1999,망우로
서울특별시 중랑구 망우동,178-80,178,80,염광,69.1,201902,11~20,"29,900",5,1984,망우로81길
서울특별시 중랑구 면목동,1529,1529,0,경남아너스빌,59.981,201902,11~20,"51,000",8,2006,답십리로75길
서울특별시 중랑구 면목동,715,715,0,늘푸른동아,59.65,201902,11~20,"42,500",13,2002,동일로
서울특별시 중랑구 면목동,715,715,0,늘푸른동아,114.73,201902,21~28,"61,000",17,2002,동일로
서울특별시 중랑구 면목동,178-50,178,50,다울101동,84.92,201902,11~20,"34,200",3,2003,겸재로9길
서울특별시 중랑구 면목동,581,581,0,대원칸타빌,79.5359,201902,1~10,"56,000",4,2003,용마산로
서울특별시 중랑구 면목동,1508,1508,0,동원베네스트,84.86,201902,11~20,"50,000",13,2003,사가정로41길
서울특별시 중랑구 면목동,1505,1505,0,리치카운티,59.923,201902,11~20,"40,800",5,2004,겸재로29길
서울특별시 중랑구 면목동,1513,1513,0,면목삼호101,83.27,201902,11~20,"40,700",1,2000,용마산로
서울특별시 중랑구 면목동,354-12,354,12,용마,76.08,201902,11~20,"37,000",4,2006,면목로30가길
서울특별시 중랑구 면목동,494,494,0,용마금호타운,84.9,201902,11~20,"50,000",2,1992,용마산로
서울특별시 중랑구 면목동,1520,1520,0,일신강변,59.99,201902,21~28,"29,000",7,1999,중랑천로
서울특별시 중랑구 면목동,126-1,126,1,킴스아파트,35.75,201902,11~20,"29,900",9,2018,면목로
서울특별시 중랑구 면목동,126-1,126,1,킴스아파트,35.75,201902,11~20,"29,700",14,2018,면목로
서울특별시 중랑구 면목동,193-1,193,1,한신,44.5,201902,1~10,"31,300",8,1987,중랑천로
서울특별시 중랑구 면목동,193-1,193,1,한신,45.44,201902,21~28,"29,500",8,1987,중랑천로
서울특별시 중랑구 면목동,1502,1502,0,현대,84.09,201902,21~28,"55,300",14,1994,용마산로
서울특별시 중랑구 묵동,388,388,0,동구햇살,84.97,201902,1~10,"45,000",7,2004,동일로169길
서울특별시 중랑구 묵동,387,387,0,브라운스톤태릉,101.9481,201902,1~10,"63,300",13,2004,공릉로18길
서울특별시 중랑구 묵동,13,13,0,신내,49.77,201902,1~10,"32,400",4,1996,숙선옹주로
서울특별시 중랑구 묵동,385,385,0,현대아이파크,84.9416,201902,11~20,"59,300",17,2002,중랑천로
서울특별시 중랑구 상봉동,63,63,0,건영2차아파트,84.96,201902,21~28,"49,000",16,1996,신내로7나길
서울특별시 중랑구 상봉동,499,499,0,건영캐스빌,84.6475,201901,21~31,"68,750",14,2006,상봉중앙로8길
서울특별시 중랑구 상봉동,495,495,0,동부아파트,84.99,201902,1~10,"48,500",10,1999,신내로7가길
서울특별시 중랑구 상봉동,113,113,0,상봉어반뷰,15.31,201902,1~10,"13,630",18,2018,면목로
서울특별시 중랑구 상봉동,113-1,113,1,포시티,14.855,201902,1~10,"13,000",7,2014,면목로
서울특별시 중랑구 상봉동,500,500,0,프레미어스엠코,111.56,201902,11~20,"82,000",9,2013,망우로
서울특별시 중랑구 상봉동,May-81,81,5,한일써너스빌,84.981,201902,1~10,"65,000",19,2003,망우로
서울특별시 중랑구 신내동,797,797,0,동성7,59.34,201902,21~28,"29,000",13,1999,신내로14길
서울특별시 중랑구 신내동,487,487,0,라이프미성,59.6,201902,11~20,"28,450",9,1992,용마산로129나길
서울특별시 중랑구 신내동,783,783,0,성원,84.32,201902,21~28,"45,000",7,1994,신내로
서울특별시 중랑구 신내동,783,783,0,성원,84.32,201902,21~28,"42,000",20,1994,신내로
서울특별시 중랑구 신내동,650,650,0,신내6대주,49.77,201902,1~10,"32,500",1,1996,신내로19길
서울특별시 중랑구 신내동,650,650,0,신내6대주,39.84,201902,11~20,"27,300",3,1996,신내로19길
서울특별시 중랑구 신내동,656,656,0,화성,84.99,201901,21~31,"52,000",12,1995,신내로
서울특별시 중랑구 중화동,208-4,208,4,범양프레체,17.94,201902,21~28,"12,200",14,2012,중랑천로14길
서울특별시 중랑구 중화동,438,438,0,삼익,59.34,201901,21~31,"29,500",11,1995,중랑역로
서울특별시 중랑구 중화동,450,450,0,한신1차,50.37,201902,11~20,"36,900",4,1997,동일로
서울특별시 중랑구 중화동,450,450,0,한신1차,50.37,201902,21~28,"36,500",24,1997,동일로
서울특별시 중랑구 중화동,450,450,0,한신2,84.03,201902,1~10,"54,400",6,1998,동일로
서울특별시 중랑구 중화동,11,11,0,현대휴앤미,82.17,201901,21~31,"34,500",7,2007,봉화산로27가길
