,시군구,번지,본번,부번,단지명,전용면적(㎡),계약년월,계약일,거래금액(만원),층,건축년도,도로명
0,서울특별시 강남구 개포동,141,141,0,개포주공 1단지,50.64,201902,1~10,162000,2,1982,개포로
1,서울특별시 강남구 개포동,187,187,0,개포주공 5단지,74.25,201902,11~20,153500,1,1983,삼성로4길
2,서울특별시 강남구 개포동,185,185,0,개포주공 6단지,60.13,201902,11~20,130000,5,1983,개포로
3,서울특별시 강남구 개포동,185,185,0,개포주공 7단지,60.76,201902,11~20,130500,9,1983,개포로
4,서울특별시 강남구 개포동,185,185,0,개포주공 7단지,53.46,201902,21~28,114000,14,1983,개포로
5,서울특별시 강남구 논현동,276-1,276,1,아크로힐스논현,84.208,201902,11~20,158000,2,2014,언주로
6,서울특별시 강남구 논현동,276-1,276,1,아크로힐스논현,84.074,201902,21~28,150000,4,2014,언주로
7,서울특별시 강남구 대치동,888,888,0,대치아이파크,149.78,201902,21~28,257000,5,2008,선릉로
8,서울특별시 강남구 대치동,670,670,0,동부센트레빌,121.74,201901,21~31,256000,16,2005,선릉로
9,서울특별시 강남구 대치동,670,670,0,동부센트레빌,161.47,201902,11~20,310000,22,2005,선릉로
10,서울특별시 강남구 대치동,316,316,0,은마,76.79,201901,21~31,151200,4,1979,삼성로
11,서울특별시 강남구 대치동,316,316,0,은마,84.43,201902,11~20,169000,8,1979,삼성로
12,서울특별시 강남구 대치동,316,316,0,은마,76.79,201902,11~20,156000,8,1979,삼성로
13,서울특별시 강남구 대치동,316,316,0,은마,84.43,201902,21~28,166000,5,1979,삼성로
14,서울특별시 강남구 대치동,316,316,0,은마,76.79,201902,21~28,148000,4,1979,삼성로
15,서울특별시 강남구 대치동,316,316,0,은마,76.79,201902,21~28,154000,5,1979,삼성로
16,서울특별시 강남구 대치동,902,902,0,포스코더샵,164.88,201902,21~28,240000,21,2004,삼성로
17,서울특별시 강남구 대치동,511,511,0,한보미도맨션2,126.33,201902,21~28,228000,10,1985,삼성로
18,서울특별시 강남구 도곡동,952,952,0,대우디오빌,25.89,201902,11~20,25500,13,2004,강남대로
19,서울특별시 강남구 도곡동,467,467,0,타워팰리스1,121.42,201902,21~28,190000,42,2002,언주로30길
20,서울특별시 강남구 도곡동,467-17,467,17,타워팰리스2,195.83,201902,11~20,270000,35,2003,언주로30길
21,서울특별시 강남구 도곡동,895-8,895,8,한신엠비씨,84.74,201902,1~10,117000,5,1988,논현로
22,서울특별시 강남구 삼성동,142-3,142,3,LG선릉에클라트(B),36.35,201902,11~20,39000,9,2004,테헤란로63길
23,서울특별시 강남구 삼성동,11,11,0,롯데캐슬프레미어,121.931,201902,21~28,221000,6,2007,선릉로126길
24,서울특별시 강남구 삼성동,101,101,0,삼성동에스케이뷰,84.52,201902,21~28,139000,5,2005,봉은사로109길
25,서울특별시 강남구 삼성동,02월 16일,16,2,삼성동힐스테이트 1단지,84.236,201902,11~20,203000,7,2008,학동로68길
26,서울특별시 강남구 삼성동,50,50,0,현대힐스테이트 2단지,84.34899999999999,201901,21~31,200000,5,2008,삼성로111길
27,서울특별시 강남구 수서동,708,708,0,삼익,60.0,201902,1~10,102500,14,1992,광평로51길
28,서울특별시 강남구 수서동,736,736,0,신동아,49.96,201902,11~20,91500,9,1992,광평로47길
29,서울특별시 강남구 신사동,606-2,606,2,신사 아크존2,135.72,201901,21~31,80000,4,2005,압구정로34길
30,서울특별시 강남구 압구정동,481,481,0,현대8차(성수현대:91~95동),111.5,201902,11~20,204500,4,1980,압구정로
31,서울특별시 강남구 역삼동,783-30,783,30,공간쉐르빌,43.27,201902,1~10,35700,3,2003,언주로63길
32,서울특별시 강남구 역삼동,826-29,826,29,역삼동우정에쉐르1,52.01,201902,11~20,58000,9,2004,테헤란로4길
33,서울특별시 강남구 역삼동,757,757,0,역삼래미안,59.4,201902,1~10,126000,11,2005,선릉로69길
34,서울특별시 강남구 역삼동,760-7,760,7,현대트라움,165.23,201901,21~31,180000,5,2002,언주로70길
35,서울특별시 강남구 일원동,735,735,0,가람,84.95,201902,11~20,146000,4,1993,일원로
36,서울특별시 강남구 일원동,731,731,0,한솔마을,84.73,201902,1~10,140000,5,1994,광평로10길
37,서울특별시 강남구 청담동,May-50,50,5,대우유로카운티,137.9,201902,21~28,178000,6,2004,도산대로92길
38,서울특별시 강남구 청담동,102-2,102,2,연세힐하우스1,177.58,201902,21~28,207000,6,2003,압구정로71길
39,서울특별시 강남구 청담동,134-38,134,38,청담자이,49.638999999999996,201901,21~31,133000,3,2011,영동대로138길
40,서울특별시 강남구 청담동,134-38,134,38,청담자이,82.365,201902,21~28,208000,24,2011,영동대로138길
41,서울특별시 강동구 강일동,695,695,0,강일리버파크10단지,84.53,201902,1~10,65000,6,2009,고덕로97길
42,서울특별시 강동구 강일동,695,695,0,강일리버파크10단지,84.53,201902,11~20,64500,8,2009,고덕로97길
43,서울특별시 강동구 강일동,673,673,0,강일리버파크4단지,84.83,201902,11~20,60000,4,2009,아리수로97길
44,서울특별시 강동구 강일동,701,701,0,강일리버파크8단지,84.83,201902,1~10,67000,7,2009,아리수로94길
45,서울특별시 강동구 고덕동,688,688,0,고덕래미안 힐스테이트아파트,84.94,201902,11~20,114500,28,2016,아리수로50길
46,서울특별시 강동구 고덕동,688,688,0,고덕래미안 힐스테이트아파트,84.94,201902,21~28,107000,32,2016,아리수로50길
47,서울특별시 강동구 길동,456-3,456,3,강동큐브,12.49,201902,11~20,12000,9,2013,천호대로175길
48,서울특별시 강동구 길동,456-4,456,4,다성이즈빌,23.39,201902,1~10,38800,12,2018,천호대로175길
49,서울특별시 강동구 길동,456-4,456,4,다성이즈빌,23.39,201902,11~20,38400,8,2018,천호대로175길
50,서울특별시 강동구 길동,456-4,456,4,다성이즈빌,15.96,201902,11~20,15800,15,2018,천호대로175길
51,서울특별시 강동구 길동,349-1,349,1,다성이즈빌(349-1),18.16,201902,1~10,14500,3,2012,천중로
52,서울특별시 강동구 길동,387-4,387,4,다성이즈빌(387-4),22.21,201902,1~10,28000,8,2018,천중로42길
53,서울특별시 강동구 길동,387-4,387,4,다성이즈빌(387-4),32.4,201902,1~10,38700,9,2018,천중로42길
54,서울특별시 강동구 길동,387-4,387,4,다성이즈빌(387-4),14.75,201902,1~10,17000,16,2018,천중로42길
55,서울특별시 강동구 길동,387-4,387,4,다성이즈빌(387-4),14.45,201902,1~10,15800,16,2018,천중로42길
56,서울특별시 강동구 길동,387-4,387,4,다성이즈빌(387-4),14.45,201902,1~10,15500,7,2018,천중로42길
57,서울특별시 강동구 길동,387-4,387,4,다성이즈빌(387-4),32.4,201902,1~10,38900,15,2018,천중로42길
58,서울특별시 강동구 길동,387-4,387,4,다성이즈빌(387-4),14.45,201902,1~10,15700,13,2018,천중로42길
59,서울특별시 강동구 길동,387-4,387,4,다성이즈빌(387-4),14.75,201902,11~20,17000,14,2018,천중로42길
60,서울특별시 강동구 길동,387-4,387,4,다성이즈빌(387-4),14.45,201902,11~20,15500,9,2018,천중로42길
61,서울특별시 강동구 길동,383-7,383,7,다오아트빌,74.47,201902,11~20,41500,7,2001,성안로
62,서울특별시 강동구 길동,365-1,365,1,라인,59.94,201902,11~20,44000,11,1998,천중로50길
63,서울특별시 강동구 길동,160,160,0,신동아,60.39,201902,21~28,48000,12,1983,천중로
64,서울특별시 강동구 길동,332,332,0,한전우성1,81.54,201902,11~20,52000,9,1989,천중로49길
65,서울특별시 강동구 둔촌동,435-3,435,3,광남캐스빌103동,84.75,201902,21~28,60000,2,2004,양재대로102길
66,서울특별시 강동구 둔촌동,170-1,170,1,둔촌주공1단지,88.43,201901,21~31,150000,4,1980,양재대로
67,서울특별시 강동구 둔촌동,174-1,174,1,둔촌주공3단지,70.87,201902,11~20,123000,2,1980,양재대로
68,서울특별시 강동구 둔촌동,170-1,170,1,둔촌주공4단지,97.72,201901,21~31,135000,5,1980,양재대로
69,서울특별시 강동구 둔촌동,170-1,170,1,둔촌주공4단지,99.61,201902,21~28,148000,1,1980,양재대로
70,서울특별시 강동구 둔촌동,546,546,0,신성둔촌미소지움1,109.73,201902,11~20,77000,15,1998,명일로
71,서울특별시 강동구 둔촌동,134-10,134,10,신성둔촌미소지움2,84.78,201902,11~20,74500,20,2000,진황도로
72,서울특별시 강동구 둔촌동,603,603,0,프라자,109.07,201902,1~10,71000,3,1984,천호대로
73,서울특별시 강동구 둔촌동,611,611,0,한솔솔파크,84.49,201902,21~28,82500,12,2003,천호대로198길
74,서울특별시 강동구 명일동,Dec-48,48,12,동양타워,94.47,201902,1~10,51800,5,1995,동남로71길
75,서울특별시 강동구 명일동,15,15,0,삼익그린2차,54.81,201902,21~28,61000,3,1983,고덕로
76,서울특별시 강동구 명일동,326-9,326,9,중앙,84.86,201902,11~20,55000,3,2001,상암로47길
77,서울특별시 강동구 명일동,56,56,0,현대(고덕),131.83,201902,21~28,101000,10,1986,동남로71길
78,서울특별시 강동구 상일동,490,490,0,고덕리엔파크3단지,84.83,201902,11~20,77000,8,2011,상일로
79,서울특별시 강동구 상일동,515,515,0,고덕숲아이파크,59.97,201902,1~10,80000,10,2018,고덕로80길
80,서울특별시 강동구 상일동,515,515,0,고덕숲아이파크,59.97,201902,11~20,82000,12,2018,고덕로80길
81,서울특별시 강동구 성내동,604,604,0,금광포란재,84.3,201902,11~20,59000,10,2007,천호옛14길
82,서울특별시 강동구 성내동,419-1,419,1,둔촌역청구,84.98,201902,21~28,65000,2,1999,풍성로
83,서울특별시 강동구 성내동,590,590,0,성내동삼성아파트,59.88,201902,1~10,60000,3,1999,풍성로
84,서울특별시 강동구 성내동,590,590,0,성내동삼성아파트,84.99,201902,11~20,77500,5,1999,풍성로
85,서울특별시 강동구 성내동,410-15,410,15,성내웰빙시티,59.79,201902,1~10,52000,2,2018,풍성로51길
86,서울특별시 강동구 성내동,295,295,0,성안마을청구,84.96,201902,1~10,73000,8,2002,풍성로
87,서울특별시 강동구 성내동,295,295,0,성안마을청구,59.93,201902,21~28,53200,4,2002,풍성로
88,서울특별시 강동구 성내동,443-24,443,24,오륜하이츠,133.01,201902,1~10,59000,2,2002,강동대로53길
89,서울특별시 강동구 성내동,592,592,0,원다빌2,67.17,201902,21~28,48400,9,2002,천호대로162길
90,서울특별시 강동구 성내동,420-9,420,9,태천,67.32,201901,21~31,39800,9,2001,풍성로52길
91,서울특별시 강동구 성내동,605,605,0,파라디아,84.92,201902,11~20,68000,1,2010,천호옛길
92,서울특별시 강동구 성내동,601,601,0,하나플러스2,84.99,201902,11~20,73600,8,2004,양재대로85길
93,서울특별시 강동구 암사동,488-3,488,3,다성이즈빌Ⅰ,84.84,201902,11~20,41800,2,2009,상암로23길
94,서울특별시 강동구 암사동,493-14,493,14,중앙하이츠,59.52,201902,21~28,41600,10,1998,올림픽로98가길
95,서울특별시 강동구 천호동,155-5,155,5,강동역두산위브센티움,59.96,201901,21~31,51000,11,2004,성안로
96,서울특별시 강동구 천호동,425-5,425,5,대우한강베네시티,114.63,201902,11~20,75500,21,2007,올림픽로
97,서울특별시 강동구 천호동,567,567,0,동구햇살아파트,91.16,201902,21~28,48000,7,2002,상암로41길
98,서울특별시 강동구 천호동,563,563,0,동아코아아파트,84.24,201902,11~20,44800,9,1997,구천면로
99,서울특별시 강동구 천호동,217-132,217,132,동아하이빌아파트,114.98,201902,21~28,67800,14,2000,구천면로
100,서울특별시 강동구 천호동,571,571,0,래미안강동팰리스,84.97,201902,1~10,123000,43,2017,천호대로
101,서울특별시 강동구 천호동,564,564,0,성원아파트,60.0,201902,21~28,44300,6,1998,진황도로31길
102,서울특별시 강동구 천호동,01월 19일,19,1,우성,84.93,201902,11~20,60000,13,1985,구천면로
103,서울특별시 강동구 천호동,361-1,361,1,제일아파트,59.49,201902,11~20,39500,6,1995,천중로12길
104,서울특별시 강동구 천호동,Apr-55,55,4,천호롯데아파트,59.99,201902,11~20,40500,16,1999,천중로
105,서울특별시 강동구 천호동,410-100,410,100,코오롱상가아파트,82.5,201902,11~20,45000,3,1988,진황도로
106,서울특별시 강북구 미아동,796,796,0,경남아너스빌,81.9853,201902,21~28,51500,6,2008,삼양로74길
107,서울특별시 강북구 미아동,4,4,0,꿈의숲롯데캐슬,104.53,201902,21~28,81000,3,2017,오현로
108,서울특별시 강북구 미아동,811,811,0,두산위브트레지움,59.54,201902,1~10,52000,16,2011,삼양로27길
109,서울특별시 강북구 미아동,811,811,0,두산위브트레지움,84.97,201902,1~10,60000,13,2011,삼양로27길
110,서울특별시 강북구 미아동,811,811,0,두산위브트레지움,59.54,201902,1~10,55000,2,2011,삼양로27길
111,서울특별시 강북구 미아동,813,813,0,래미안트리베라1단지,59.6,201902,21~28,54000,9,2010,삼양로19길
112,서울특별시 강북구 미아동,1354,1354,0,벽산라이브파크,60.0,201902,21~28,35600,2,2004,솔샘로
113,서울특별시 강북구 미아동,812,812,0,삼성래미안트리베라2단지,84.15,201902,1~10,71000,22,2010,삼양로27길
114,서울특별시 강북구 미아동,812,812,0,삼성래미안트리베라2단지,84.15,201902,21~28,66000,6,2010,삼양로27길
115,서울특별시 강북구 미아동,461,461,0,송천센트레빌,84.965,201902,11~20,65000,11,2010,숭인로
116,서울특별시 강북구 미아동,1353,1353,0,에스케이북한산시티,59.98,201901,21~31,42500,7,2004,솔샘로
117,서울특별시 강북구 미아동,1353,1353,0,에스케이북한산시티,59.98,201902,1~10,42000,19,2004,솔샘로
118,서울특별시 강북구 미아동,1353,1353,0,에스케이북한산시티,59.98,201902,11~20,41500,25,2004,솔샘로
119,서울특별시 강북구 미아동,1353,1353,0,에스케이북한산시티,59.98,201902,11~20,45800,12,2004,솔샘로
120,서울특별시 강북구 미아동,1353,1353,0,에스케이북한산시티,114.85,201902,11~20,56800,10,2004,솔샘로
121,서울특별시 강북구 미아동,160-3,160,3,푸르지오시티,18.6479,201902,1~10,15200,10,2014,도봉로
122,서울특별시 강북구 미아동,160-3,160,3,푸르지오시티,37.4389,201902,11~20,26000,18,2014,도봉로
123,서울특별시 강북구 미아동,160-3,160,3,푸르지오시티,18.6479,201902,11~20,15000,12,2014,도봉로
124,서울특별시 강북구 미아동,160-3,160,3,푸르지오시티,18.6479,201902,21~28,15250,10,2014,도봉로
125,서울특별시 강북구 미아동,190-2,190,2,현대(190-2),84.91,201902,21~28,46000,4,1992,도봉로68길
126,서울특별시 강북구 번동,136,136,0,번동솔그린,84.6,201902,11~20,37800,18,1999,한천로109길
127,서울특별시 강북구 번동,136,136,0,번동솔그린,59.82,201902,11~20,30300,16,1999,한천로109길
128,서울특별시 강북구 번동,136,136,0,번동솔그린,59.82,201902,11~20,31100,12,1999,한천로109길
129,서울특별시 강북구 번동,470-1,470,1,삼성,59.77,201902,1~10,35000,11,1998,도봉로98길
130,서울특별시 강북구 번동,204,204,0,신원,59.96,201902,11~20,29000,4,2000,월계로37길
131,서울특별시 강북구 번동,138,138,0,한솔솔파크,84.88,201902,11~20,43000,4,2005,오현로
132,서울특별시 강북구 수유동,562-4,562,4,진안골드밸리,136.75,201901,21~31,45500,5,2001,4.19로11길
133,서울특별시 강북구 수유동,Jul-51,51,7,태솔타워,68.6,201902,11~20,35000,6,2010,도봉로71가길
134,서울특별시 강북구 수유동,461-13,461,13,화계맨숀,58.51,201902,21~28,13900,1,1975,덕릉로
135,서울특별시 강서구 가양동,1485,1485,0,가양6단지,49.5,201901,21~31,50500,3,1992,허준로
136,서울특별시 강서구 가양동,1475,1475,0,강변,34.44,201902,11~20,36500,7,1992,허준로
137,서울특별시 강서구 가양동,1475,1475,0,강변,34.44,201902,11~20,34900,5,1992,허준로
138,서울특별시 강서구 가양동,1475,1475,0,강변,49.5,201902,11~20,51000,9,1992,허준로
139,서울특별시 강서구 내발산동,759,759,0,마곡수명산파크6단지,84.68,201901,21~31,72000,9,2007,수명로2길
140,서울특별시 강서구 내발산동,756,756,0,마곡수명산파크7단지,84.82,201902,21~28,60000,11,2008,수명로2가길
141,서울특별시 강서구 등촌동,691-1,691,1,동성,101.88,201902,1~10,70400,5,1995,강서로68길
142,서울특별시 강서구 등촌동,691-3,691,3,부영,80.64,201902,11~20,67000,13,1994,강서로56나길
143,서울특별시 강서구 등촌동,562-5,562,5,임광,59.34,201902,21~28,43700,7,2000,등촌로
144,서울특별시 강서구 마곡동,748,748,0,마곡13단지힐스테이트마스터,59.9825,201902,1~10,83000,3,2017,마곡중앙1로
145,서울특별시 강서구 마곡동,746-1,746,1,마곡엠밸리12단지,84.89,201902,11~20,101000,6,2016,공항대로
146,서울특별시 강서구 마곡동,741,741,0,마곡엠밸리8단지,59.79,201902,21~28,89500,9,2016,마곡서1로
147,서울특별시 강서구 마곡동,750,750,0,마곡엠벨리(14단지),84.88,201901,21~31,90000,4,2014,마곡중앙로
148,서울특별시 강서구 마곡동,751,751,0,마곡엠벨리(15단지),84.88,201902,11~20,90000,6,2014,마곡중앙로
149,서울특별시 강서구 마곡동,422,422,0,신안,59.98,201902,11~20,65000,6,1993,양천로30길
150,서울특별시 강서구 방화동,874,874,0,대림e-편한세상,84.67,201902,21~28,62000,13,2003,양천로6길
151,서울특별시 강서구 방화동,839,839,0,방화그린,39.76,201902,1~10,30500,8,1993,방화대로48길
152,서울특별시 강서구 방화동,839,839,0,방화그린,49.77,201902,11~20,40800,13,1993,방화대로48길
153,서울특별시 강서구 방화동,903,903,0,신세계아파트,64.46,201901,21~31,35300,3,2018,양천로10길
154,서울특별시 강서구 방화동,841,841,0,장미,39.96,201902,11~20,31000,6,1994,양천로
155,서울특별시 강서구 방화동,832,832,0,청솔,49.2,201902,11~20,33000,6,1994,방화대로47길
156,서울특별시 강서구 방화동,547-11,547,11,한오,47.06,201901,21~31,21000,1,1988,양천로14길
157,서울특별시 강서구 방화동,579,579,0,한진로즈힐,59.92,201902,11~20,45000,7,2004,양천로24가길
158,서울특별시 강서구 염창동,292,292,0,동아,59.97,201901,21~31,51000,8,1998,양천로69길
159,서울특별시 강서구 염창동,255,255,0,무학,84.64,201902,11~20,63500,11,1999,양천로77길
160,서울특별시 강서구 염창동,305,305,0,염창1차보람더하임,84.98,201902,21~28,73500,6,2008,양천로
161,서울특별시 강서구 염창동,281-22,281,22,염창1차한화꿈에그린,84.93,201902,11~20,91000,5,2005,공항대로75길
162,서울특별시 강서구 염창동,302,302,0,염창2차한화꿈에그린,59.99,201902,11~20,62000,8,2006,공항대로63길
163,서울특별시 강서구 염창동,288,288,0,현대1,84.77,201902,21~28,58800,11,1994,양천로75길
164,서울특별시 강서구 염창동,291,291,0,현대3,59.92,201902,11~20,47000,15,1996,양천로75길
165,서울특별시 강서구 화곡동,1071-19,1071,19,강서뉴타워,83.13,201901,21~31,40000,7,2013,화곡로18길
166,서울특별시 강서구 화곡동,1071-19,1071,19,강서뉴타워,78.93,201902,1~10,41000,4,2013,화곡로18길
167,서울특별시 강서구 화곡동,1071-19,1071,19,강서뉴타워,78.93,201902,11~20,42000,5,2013,화곡로18길
168,서울특별시 강서구 화곡동,1071-19,1071,19,강서뉴타워,82.88,201902,11~20,42500,15,2013,화곡로18길
169,서울특별시 강서구 화곡동,1071-19,1071,19,강서뉴타워,78.93,201902,11~20,41000,2,2013,화곡로18길
170,서울특별시 강서구 화곡동,1161,1161,0,강서동도센트리움,14.677,201901,21~31,10100,7,2012,공항대로46길
171,서울특별시 강서구 화곡동,917-5,917,5,남광아파트,45.47,201902,21~28,24000,5,2015,곰달래로22길
172,서울특별시 강서구 화곡동,361-1,361,1,대림,84.84,201902,11~20,41000,2,1992,월정로
173,서울특별시 강서구 화곡동,361-1,361,1,대림,110.26,201902,21~28,41000,2,1992,월정로
174,서울특별시 강서구 화곡동,918-14,918,14,도양라비앙아파트,48.88,201902,21~28,28400,2,2016,곰달래로22길
175,서울특별시 강서구 화곡동,924-1,924,1,리치아파트,19.81,201902,21~28,22000,8,2018,월정로20길
176,서울특별시 강서구 화곡동,924-1,924,1,리치아파트,20.61,201902,21~28,22500,8,2018,월정로20길
177,서울특별시 강서구 화곡동,343-35,343,35,성재센트리움아파트(343-35),25.52,201902,21~28,19700,8,2015,곰달래로23길
178,서울특별시 강서구 화곡동,392-58,392,58,에이원,49.81,201902,21~28,23000,1,2005,강서로12길
179,서울특별시 강서구 화곡동,1145,1145,0,우장산롯데캐슬,177.86,201902,21~28,104500,14,2003,공항대로
180,서울특별시 강서구 화곡동,1159,1159,0,"우장산아이파크,이편한세상",84.97,201902,21~28,90000,20,2008,강서로
181,서울특별시 강서구 화곡동,919-1,919,1,유림노르웨이숲(919-1),64.05,201902,21~28,32200,3,2004,곰달래로
182,서울특별시 강서구 화곡동,894-9,894,9,은하센트리움,34.29,201902,11~20,18700,5,2013,강서로8길
183,서울특별시 강서구 화곡동,914-3,914,3,일성스카이빌,59.96,201902,11~20,25400,10,2001,강서로5나길
184,서울특별시 강서구 화곡동,351-89,351,89,중앙화곡하이츠,56.88,201902,1~10,25700,11,1988,강서로17가길
185,서울특별시 강서구 화곡동,887-11,887,11,태승,77.5,201902,11~20,34500,6,2003,국회대로7길
186,서울특별시 강서구 화곡동,925-26,925,26,트리움팰리스,21.7,201902,11~20,10700,5,2013,월정로20길
187,서울특별시 강서구 화곡동,924-14,924,14,프라임주택,49.75,201902,1~10,28500,6,2016,강서로7길
188,서울특별시 강서구 화곡동,899-8,899,8,한울아파트,29.98,201902,21~28,25200,4,2018,강서로7길
189,서울특별시 강서구 화곡동,461-4,461,4,화곡예다움,64.21,201902,21~28,28300,3,2005,등촌로13자길
190,서울특별시 관악구 남현동,1136,1136,0,남현동한일유앤아이,127.84,201902,11~20,70200,7,2005,남부순환로256라길
191,서울특별시 관악구 봉천동,1717,1717,0,관악푸르지오,59.58,201902,1~10,57000,10,2004,관악로30길
192,서울특별시 관악구 봉천동,1717,1717,0,관악푸르지오,84.2,201902,1~10,70000,9,2004,관악로30길
193,서울특별시 관악구 봉천동,1717,1717,0,관악푸르지오,59.58,201902,21~28,56500,17,2004,관악로30길
194,서울특별시 관악구 봉천동,1629-2,1629,2,동아타운,32.76,201902,1~10,27000,3,1999,봉천로
195,서울특별시 관악구 봉천동,1718,1718,0,벽산블루밍,59.99,201902,11~20,49500,15,2005,은천로
196,서울특별시 관악구 봉천동,1718,1718,0,벽산블루밍,101.95,201902,11~20,59900,1,2005,은천로
197,서울특별시 관악구 봉천동,1718,1718,0,벽산블루밍,101.95,201902,21~28,71300,14,2005,은천로
198,서울특별시 관악구 봉천동,869-6,869,6,서울대역마에스트로,19.46,201902,1~10,18600,15,2012,남부순환로218길
199,서울특별시 관악구 봉천동,869-6,869,6,서울대역마에스트로,25.41,201902,1~10,19500,20,2012,남부순환로218길
200,서울특별시 관악구 봉천동,867-9,867,9,서울대역해담채,12.27,201902,11~20,13500,6,2012,관악로15길
201,서울특별시 관악구 봉천동,1706,1706,0,우성,59.76,201902,11~20,52500,18,2000,관악로30길
202,서울특별시 관악구 봉천동,1021,1021,0,일두(1021),38.92,201902,21~28,21000,3,1985,은천로39길
203,서울특별시 관악구 봉천동,867-12,867,12,프라비다2,15.98,201902,1~10,16400,12,2013,남부순환로218길
204,서울특별시 관악구 봉천동,867-12,867,12,프라비다2,31.9,201902,21~28,28500,10,2013,남부순환로218길
205,서울특별시 관악구 신림동,1703-1,1703,1,LIG 대학마을,69.17,201901,21~31,46000,8,1996,신림로3길
206,서울특별시 관악구 신림동,1644,1644,0,강남,42.35,201902,1~10,38500,3,1974,조원로
207,서울특별시 관악구 신림동,1644,1644,0,강남,42.35,201902,21~28,35000,6,1974,조원로
208,서울특별시 관악구 신림동,746-43,746,43,건영1,60.27,201902,21~28,42500,10,1984,문성로
209,서울특별시 관악구 신림동,746-43,746,43,건영1,60.27,201902,21~28,42000,7,1984,문성로
210,서울특별시 관악구 신림동,721-2,721,2,건영2,43.92,201901,21~31,23750,12,1988,난곡로35길
211,서울특별시 관악구 신림동,721-2,721,2,건영2,43.92,201902,11~20,25600,4,1988,난곡로35길
212,서울특별시 관악구 신림동,1656,1656,0,라이프미성,91.24,201902,11~20,53500,10,1982,조원로2길
213,서울특별시 관악구 신림동,1718,1718,0,보라매갑을,74.7,201902,21~28,50500,15,2003,관천로24길
214,서울특별시 관악구 신림동,1739,1739,0,보라매스카이아파트(1739),74.5,201902,1~10,41000,5,2016,관천로18길
215,서울특별시 관악구 신림동,497-5,497,5,보라매해담채,12.89,201902,21~28,12500,7,2012,신사로
216,서울특별시 관악구 신림동,1714,1714,0,삼성산주공(주공3단지),58.55,201902,11~20,35000,3,2000,호암로
217,서울특별시 관악구 신림동,1714,1714,0,삼성산주공(주공3단지),58.55,201902,11~20,37200,19,2000,호암로
218,서울특별시 관악구 신림동,1694,1694,0,신림현대,82.2,201902,21~28,59000,11,1993,신림로29길
219,서울특별시 관악구 신림동,534-1,534,1,아데나,17.94,201901,21~31,10500,2,2010,신사로
220,서울특별시 관악구 신림동,1715,1715,0,우방,59.74,201902,21~28,40250,20,1999,관천로27길
221,서울특별시 관악구 신림동,Mar-86,86,3,청암두산위브센티움,98.31,201902,1~10,61000,14,2005,신림로
222,서울특별시 관악구 신림동,1563-2,1563,2,태양,48.99,201902,11~20,14500,3,2000,미성길
223,서울특별시 광진구 광장동,453-1,453,1,삼성광장2,69.06,201902,11~20,79000,8,1989,아차산로
224,서울특별시 광진구 광장동,148-4,148,4,워커힐푸르지오,69.0,201902,21~28,78000,10,1987,아차산로78길
225,서울특별시 광진구 구의동,547-7,547,7,광진해모로리버뷰,109.45,201902,11~20,93000,8,2009,강변역로4길
226,서울특별시 광진구 구의동,611,611,0,구의현대2단지,84.91,201902,11~20,89900,16,1996,광나루로56길
227,서울특별시 광진구 구의동,610,610,0,구의현대6단지,84.92,201901,21~31,88000,9,1994,구의강변로
228,서울특별시 광진구 구의동,58-26,58,26,아차산인앤인W클래스101동,118.81,201902,21~28,67300,2,2007,천호대로137길
229,서울특별시 광진구 구의동,662,662,0,아차산한라아파트,60.39,201902,1~10,44700,3,2009,영화사로16길
230,서울특별시 광진구 구의동,631-1,631,1,현대프라임,126.66,201902,11~20,140000,18,1997,광나루로56길
231,서울특별시 광진구 구의동,631-1,631,1,현대프라임,84.99,201902,11~20,70000,6,1997,광나루로56길
232,서울특별시 광진구 군자동,358-9,358,9,동양파라곤(2),81.17,201901,21~31,65000,13,2008,광나루로
233,서울특별시 광진구 자양동,779-8,779,8,(779-8),84.92,201902,21~28,71000,16,2006,자양로
234,서울특별시 광진구 자양동,624-45,624,45,대원캐슬빌,48.46,201902,11~20,29000,2,2012,자양로13가길
235,서울특별시 광진구 자양동,227-7,227,7,더샵스타시티,139.6,201902,11~20,125000,8,2007,아차산로
236,서울특별시 광진구 자양동,227-7,227,7,더샵스타시티,100.32,201902,11~20,119000,38,2007,아차산로
237,서울특별시 광진구 자양동,227-7,227,7,더샵스타시티,139.6,201902,11~20,135000,12,2007,아차산로
238,서울특별시 광진구 자양동,783-1,783,1,자양우성7,59.94,201902,1~10,74000,8,1998,아차산로36길
239,서울특별시 광진구 자양동,24-31,24,31,청정(B),64.98,201902,11~20,47500,7,2004,아차산로22길
240,서울특별시 광진구 중곡동,133-9,133,9,대영2동,84.91,201902,1~10,52000,2,2002,용마산로1길
241,서울특별시 광진구 화양동,113-1,113,1,광진코지웰,16.53,201902,11~20,17500,6,2014,능동로19길
242,서울특별시 광진구 화양동,113-1,113,1,광진코지웰,18.63,201902,11~20,18400,9,2014,능동로19길
243,서울특별시 광진구 화양동,113-1,113,1,광진코지웰,14.0,201902,11~20,16300,3,2014,능동로19길
244,서울특별시 구로구 개봉동,492,492,0,개봉푸르지오,84.94,201902,11~20,62600,19,2014,남부순환로
245,서울특별시 구로구 개봉동,361-1,361,1,개봉프라자,81.7,201902,11~20,24700,7,1993,개봉로3길
246,서울특별시 구로구 개봉동,361-1,361,1,개봉프라자,112.9,201902,21~28,30000,5,1993,개봉로3길
247,서울특별시 구로구 개봉동,270-80,270,80,거성,47.52,201902,11~20,15600,2,1988,개봉로15길
248,서울특별시 구로구 개봉동,Dec-70,70,12,동도센트리움(70-12),116.27600000000001,201902,11~20,40000,10,2002,고척로22길
249,서울특별시 구로구 개봉동,333-6,333,6,비젼,65.73,201902,11~20,18100,4,2000,개봉로17마길
250,서울특별시 구로구 개봉동,470,470,0,삼환,59.4,201902,1~10,38500,8,1995,남부순환로95길
251,서울특별시 구로구 개봉동,170-30,170,30,신개봉삼환,84.99,201902,21~28,45400,10,2001,경인로38길
252,서울특별시 구로구 개봉동,488,488,0,영화 아이닉스,65.71,201902,21~28,41900,23,2005,개봉로1길
253,서울특별시 구로구 개봉동,476,476,0,한마을,123.46,201902,21~28,67000,15,1999,경인로
254,서울특별시 구로구 개봉동,476,476,0,한마을,123.46,201902,21~28,68000,22,1999,경인로
255,서울특별시 구로구 개봉동,478,478,0,한진,84.96,201902,1~10,52000,19,2000,개봉로3길
256,서울특별시 구로구 개봉동,478,478,0,한진,59.95,201902,11~20,41400,18,2000,개봉로3길
257,서울특별시 구로구 고척동,343,343,0,고척월드메르디앙,84.93,201902,21~28,51000,8,2011,중앙로8길
258,서울특별시 구로구 고척동,296,296,0,대우,114.95,201902,21~28,47000,1,1999,고척로52길
259,서울특별시 구로구 고척동,Sep-57,57,9,산업인,48.04,201902,21~28,18000,3,1976,경인로47다길
260,서울특별시 구로구 고척동,320,320,0,센츄리,84.56,201902,1~10,43800,4,1994,중앙로12길
261,서울특별시 구로구 고척동,337,337,0,한일유앤아이,84.98,201902,11~20,43400,8,2005,중앙로15길
262,서울특별시 구로구 구로동,770-52,770,52,(770-52),38.92,201902,21~28,12750,2,1996,구로동로22길
263,서울특별시 구로구 구로동,771-30,771,30,(771-30),30.48,201902,11~20,10500,3,1996,구로동로18길
264,서울특별시 구로구 구로동,777-3,777,3,(777-3)두암호은리버빌,54.02,201902,11~20,22300,2,2002,디지털로27라길
265,서울특별시 구로구 구로동,797-19,797,19,(797-19),35.58,201902,21~28,9000,1,1995,디지털로27라길
266,서울특별시 구로구 구로동,807-26,807,26,(807-26),70.16,201902,21~28,19500,5,1996,구로동로12길
267,서울특별시 구로구 구로동,801-9,801,9,801-9,42.78,201902,11~20,13800,2,1997,도림로
268,서울특별시 구로구 구로동,317-8,317,8,골드마인(가동),71.94,201902,21~28,31300,1,2004,가마산로20다길
269,서울특별시 구로구 구로동,1265,1265,0,구로두산,44.64,201902,11~20,31000,12,1998,도림로
270,서울특별시 구로구 구로동,806-9,806,9,구로아트빌라3동,59.94,201901,21~31,19000,3,1997,도림로3길
271,서울특별시 구로구 구로동,1287,1287,0,구로지웰,59.651,201902,11~20,39700,4,2011,구로동로28길
272,서울특별시 구로구 구로동,1259,1259,0,구일우성,84.49,201902,11~20,46000,5,1998,구일로2길
273,서울특별시 구로구 구로동,1273,1273,0,대림아르빌,84.76,201902,11~20,50500,13,2003,도림천로12길
274,서울특별시 구로구 구로동,1273,1273,0,대림아르빌,84.76,201902,11~20,49500,3,2003,도림천로12길
275,서울특별시 구로구 구로동,107-1,107,1,대림역대성스카이렉스,73.2,201902,21~28,44500,16,2006,공원로
276,서울특별시 구로구 구로동,1257,1257,0,럭키,71.4,201902,21~28,45500,10,1992,도림로
277,서울특별시 구로구 구로동,1263,1263,0,롯데,59.96,201902,1~10,52000,20,1999,새말로
278,서울특별시 구로구 구로동,104-8,104,8,비즈트위트 레드,20.84,201902,1~10,18300,6,2016,가마산로
279,서울특별시 구로구 구로동,256-1,256,1,삼성래미안,109.65100000000001,201902,11~20,77000,10,2004,디지털로31길
280,서울특별시 구로구 구로동,108-2,108,2,새솔금호,84.89,201902,1~10,43000,9,1996,공원로
281,서울특별시 구로구 구로동,108-2,108,2,새솔금호,84.89,201902,1~10,46000,21,1996,공원로
282,서울특별시 구로구 구로동,108-2,108,2,새솔금호,59.9,201902,21~28,35000,9,1996,공원로
283,서울특별시 구로구 구로동,145-23,145,23,성락,57.33,201902,11~20,30000,7,1988,도림로20길
284,서울특별시 구로구 구로동,1275,1275,0,성삼하이츠,58.58,201901,21~31,34500,5,2004,구로중앙로18길
285,서울특별시 구로구 구로동,104-9,104,9,성호메이플라워멤버스빌,31.76,201902,1~10,16000,13,2002,가마산로
286,서울특별시 구로구 구로동,104-9,104,9,성호메이플라워멤버스빌,41.4,201902,1~10,19000,9,2002,가마산로
287,서울특별시 구로구 구로동,Jan-43,43,1,신도림로제리움,16.92,201902,11~20,13900,16,2012,공원로8길
288,서울특별시 구로구 구로동,1267,1267,0,신도림태영타운,84.87,201902,11~20,71900,5,2000,새말로
289,서울특별시 구로구 구로동,108-4,108,4,아스타빌,67.97,201902,21~28,32100,8,2004,가마산로27길
290,서울특별시 구로구 구로동,1279,1279,0,우민늘푸른,84.70200000000001,201902,11~20,49800,2,2004,도림로20길
291,서울특별시 구로구 구로동,110-9,110,9,우원그린빌,84.206,201902,1~10,33800,2,2001,구로중앙로28다길
292,서울특별시 구로구 구로동,685-223,685,223,주공2,32.39,201901,21~31,35000,1,1987,구일로4길
293,서울특별시 구로구 구로동,642-9,642,9,한신,35.277,201901,21~31,27000,3,1988,구일로8길
294,서울특별시 구로구 구로동,685-70,685,70,현대연예인,54.86,201902,11~20,39500,8,1989,구일로4길
295,서울특별시 구로구 구로동,108,108,0,현대파크빌,138.358,201902,11~20,42000,20,1999,공원로
296,서울특별시 구로구 궁동,236-4,236,4,뉴파인,71.43,201902,11~20,29800,6,2007,오리로21길
297,서울특별시 구로구 궁동,143,143,0,다청림102동(143-0),84.09,201902,21~28,34500,2,2012,오리로22나길
298,서울특별시 구로구 신도림동,642,642,0,대림2,134.99,201902,1~10,87000,23,2001,신도림로
299,서울특별시 구로구 신도림동,642,642,0,대림2,84.95,201902,11~20,69500,27,2001,신도림로
300,서울특별시 구로구 신도림동,692,692,0,디큐브시티,84.96,201902,21~28,95000,46,2011,경인로
301,서울특별시 구로구 신도림동,290,290,0,미성,66.03,201901,21~31,46000,6,1987,신도림로11가길
302,서울특별시 구로구 신도림동,695,695,0,신도림 아르디에,18.79,201902,21~28,22100,5,2018,경인로66길
303,서울특별시 구로구 신도림동,435-10,435,10,신도림3차푸르지오,82.8,201902,21~28,75000,3,2007,경인로
304,서울특별시 구로구 신도림동,412-3,412,3,신도림팰러티움,84.94,201902,1~10,52800,3,2006,경인로
305,서울특별시 구로구 신도림동,640,640,0,신성은하수,84.42,201901,21~31,60000,5,1997,경인로66길
306,서울특별시 구로구 신도림동,640,640,0,신성은하수,84.97,201902,21~28,60000,5,1997,경인로66길
307,서울특별시 구로구 오류동,335,335,0,금강,84.96,201902,1~10,28000,3,1996,서해안로34가길
308,서울특별시 구로구 오류동,356,356,0,다청림,15.57,201902,21~28,10000,1,2013,서해안로
309,서울특별시 구로구 오류동,338,338,0,동부골든,105.21,201902,1~10,41000,1,1998,고척로
310,서울특별시 구로구 오류동,338,338,0,동부골든,59.94,201902,21~28,26700,3,1998,고척로
311,서울특별시 구로구 오류동,345,345,0,동선,58.2159,201902,11~20,35000,15,2004,경인로
312,서울특별시 구로구 오류동,34-13,34,13,썬앤빌,14.064,201902,1~10,7700,7,2014,경인로19가길
313,서울특별시 구로구 오류동,Apr-31,31,4,오류동휘버스,83.97,201902,11~20,31000,6,2006,고척로18길
314,서울특별시 구로구 오류동,348,348,0,우림필유,84.99,201901,21~31,49800,8,2005,서해안로
315,서울특별시 구로구 오류동,Jan-46,46,1,이좋은집,36.69,201902,1~10,18700,9,2005,경인로20나길
316,서울특별시 구로구 오류동,51-31,51,31,포스시티,14.29,201902,1~10,9750,16,2014,경인로20길
317,서울특별시 구로구 오류동,51-31,51,31,포스시티,13.69,201902,11~20,9700,13,2014,경인로20길
318,서울특별시 구로구 오류동,06월 01일,6,1,한백고은,84.69,201902,11~20,26000,7,2005,고척로
319,서울특별시 구로구 오류동,341,341,0,한신플러스타운,59.91,201902,21~28,36800,10,2002,고척로
320,서울특별시 구로구 천왕동,281,281,0,천왕연지타운2단지,84.9,201902,1~10,59000,16,2014,오리로
321,서울특별시 구로구 천왕동,281,281,0,천왕연지타운2단지,84.9,201902,11~20,59000,5,2014,오리로
322,서울특별시 구로구 항동,233,233,0,현대홈타운스위트,84.9852,201901,21~31,48000,5,2004,연동로13길
323,서울특별시 구로구 항동,233,233,0,현대홈타운스위트,84.9852,201902,11~20,45300,2,2004,연동로13길
324,서울특별시 금천구 가산동,769,769,0,두산,59.84,201902,1~10,44500,11,1998,가산로
325,서울특별시 금천구 가산동,145-42,145,42,백운한비치(나),66.16,201902,11~20,23000,7,2003,남부순환로108길
326,서울특별시 금천구 독산동,711-2,711,2,금천현대,59.82,201901,21~31,40000,6,2002,벚꽃로
327,서울특별시 금천구 독산동,711-2,711,2,금천현대,59.82,201902,11~20,38500,21,2002,벚꽃로
328,서울특별시 금천구 독산동,1088,1088,0,독산주공14단지,76.51,201902,11~20,43700,11,1990,한내로
329,서울특별시 금천구 독산동,1088,1088,0,독산주공14단지,38.64,201902,21~28,21000,1,1990,한내로
330,서울특별시 금천구 독산동,883-10,883,10,동은4차,85.58,201902,11~20,32000,1,2004,문성로3길
331,서울특별시 금천구 독산동,1132,1132,0,목화101,59.95,201902,1~10,26400,9,1996,문성로3길
332,서울특별시 금천구 독산동,961-13,961,13,목화102,59.96,201902,11~20,26400,6,1997,문성로1길
333,서울특별시 금천구 독산동,992-37,992,37,세진웰빙102,95.5,201902,21~28,40000,2,2004,독산로92길
334,서울특별시 금천구 독산동,1133,1133,0,진도2차,59.95,201902,1~10,29500,2,1997,두산로
335,서울특별시 금천구 독산동,1136,1136,0,진도3차,59.34,201902,11~20,34900,5,1999,범안로17길
336,서울특별시 금천구 독산동,1136,1136,0,진도3차,59.34,201902,11~20,34700,1,1999,범안로17길
337,서울특별시 금천구 독산동,1093-4,1093,4,한신,89.46,201902,11~20,44800,3,1991,한내로
338,서울특별시 금천구 시흥동,1013,1013,0,관악산벽산타운5,114.84,201902,1~10,45000,18,2004,금하로
339,서울특별시 금천구 시흥동,1013,1013,0,관악산벽산타운5,84.97,201902,11~20,38700,8,2004,금하로
340,서울특별시 금천구 시흥동,1013,1013,0,관악산벽산타운5,84.97,201902,11~20,38500,2,2004,금하로
341,서울특별시 금천구 시흥동,1013,1013,0,관악산벽산타운5,59.34,201902,11~20,31000,5,2004,금하로
342,서울특별시 금천구 시흥동,1013,1013,0,관악산벽산타운5,84.97,201902,11~20,41000,9,2004,금하로
343,서울특별시 금천구 시흥동,1013,1013,0,관악산벽산타운5,114.84,201902,11~20,43000,7,2004,금하로
344,서울특별시 금천구 시흥동,1013,1013,0,관악산벽산타운5,114.84,201902,21~28,42500,5,2004,금하로
345,서울특별시 금천구 시흥동,1013,1013,0,관악산벽산타운5,59.34,201902,21~28,31500,18,2004,금하로
346,서울특별시 금천구 시흥동,1014,1014,0,금광,68.8188,201902,11~20,37800,3,2004,탑골로2길
347,서울특별시 금천구 시흥동,1002-1,1002,1,럭키남서울,41.22,201902,1~10,28800,9,1981,시흥대로47길
348,서울특별시 금천구 시흥동,1002-1,1002,1,럭키남서울,49.75,201902,21~28,39000,5,1981,시흥대로47길
349,서울특별시 금천구 시흥동,1012,1012,0,백운한비치,73.9154,201902,1~10,37900,8,2003,탑골로2길
350,서울특별시 금천구 시흥동,1010,1010,0,벽산,59.94,201902,11~20,30500,7,2000,금하로
351,서울특별시 금천구 시흥동,1010,1010,0,벽산,84.99,201902,21~28,35000,3,2000,금하로
352,서울특별시 금천구 시흥동,1010,1010,0,벽산,59.94,201902,21~28,30000,8,2000,금하로
353,서울특별시 금천구 시흥동,1006,1006,0,벽산3,59.94,201902,21~28,29000,12,1998,탑골로
354,서울특별시 금천구 시흥동,05월 13일,5,13,삼익,84.96,201902,1~10,37800,14,1999,독산로50길
355,서울특별시 금천구 시흥동,806,806,0,시흥동 월드메르디앙,59.89,201902,11~20,34000,7,2006,독산로36길
356,서울특별시 금천구 시흥동,03월 28일,3,28,어울림(3-28),63.79,201902,21~28,16000,4,2005,독산로50길
357,서울특별시 금천구 시흥동,209,209,0,현대(209),82.53,201902,11~20,31100,5,1996,금하로23라길
358,서울특별시 금천구 시흥동,960-6,960,6,힐캐슬,53.01,201901,21~31,16500,5,2012,시흥대로12길
359,서울특별시 노원구 공릉동,753,753,0,길성그랑프리텔아파트,76.4807,201902,1~10,39000,3,2003,동일로191가길
360,서울특별시 노원구 공릉동,670-6,670,6,미라쉘,16.69,201902,11~20,15800,17,2018,화랑로
361,서울특별시 노원구 공릉동,737,737,0,삼익아파트,51.03,201902,21~28,28500,12,1995,공릉로46길
362,서울특별시 노원구 공릉동,493-20,493,20,서경하누리아파트,68.77,201902,1~10,25500,2,2005,동일로183길
363,서울특별시 노원구 공릉동,707,707,0,시영2단지(라이프)아파트,39.6,201902,21~28,26000,8,1994,동일로198가길
364,서울특별시 노원구 공릉동,715,715,0,시영3차(라이프)아파트,39.6,201902,1~10,21700,15,1994,섬밭로
365,서울특별시 노원구 공릉동,748,748,0,신도1차아파트,81.2768,201902,21~28,53000,17,2002,동일로191가길
366,서울특별시 노원구 공릉동,756,756,0,신성미소지움아파트,84.99600000000001,201902,1~10,46000,7,2004,공릉로42길
367,서울특별시 노원구 공릉동,108,108,0,우방아파트,84.881,201902,11~20,53300,11,2000,노원로
368,서울특별시 노원구 공릉동,569-28,569,28,우성아파트(102동),68.51,201902,1~10,31500,6,2005,동일로179길
369,서울특별시 노원구 공릉동,91,91,0,청솔아파트8,84.65,201902,11~20,53500,9,2000,노원로1가길
370,서울특별시 노원구 공릉동,81,81,0,태강아파트,59.38,201902,1~10,42000,6,1999,공릉로34길
371,서울특별시 노원구 공릉동,727,727,0,풍림아파트B,31.32,201902,1~10,21800,16,2001,섬밭로
372,서울특별시 노원구 공릉동,587-8,587,8,하나플러스,84.92,201902,21~28,38000,3,2004,동일로178길
373,서울특별시 노원구 공릉동,683-14,683,14,한일휴니스빌,13.62,201902,1~10,13400,9,2013,화랑로
374,서울특별시 노원구 공릉동,683-14,683,14,한일휴니스빌,12.42,201902,21~28,14000,12,2013,화랑로
375,서울특별시 노원구 공릉동,230,230,0,현대아파트,86.0,201902,21~28,44800,3,1984,공릉로34길
376,서울특별시 노원구 공릉동,111,111,0,화랑타운아파트,84.65,201902,1~10,57000,4,2000,화랑로51길
377,서울특별시 노원구 공릉동,742,742,0,효성아파트,84.66,201902,1~10,56000,1,1995,화랑로
378,서울특별시 노원구 공릉동,742,742,0,효성아파트,73.18,201902,21~28,44650,3,1995,화랑로
379,서울특별시 노원구 공릉동,106,106,0,효성화운트빌아파트,99.917,201902,1~10,67000,12,2000,노원로
380,서울특별시 노원구 상계동,1270,1270,0,금호타운,84.54,201902,1~10,37000,9,1995,한글비석로46나길
381,서울특별시 노원구 상계동,695,695,0,대림,93.75,201902,1~10,69000,9,1988,동일로221길
382,서울특별시 노원구 상계동,1285,1285,0,동아불암,59.4,201902,1~10,34500,19,1999,덕릉로
383,서울특별시 노원구 상계동,173-1,173,1,벽산,43.35,201902,1~10,24800,5,1989,한글비석로
384,서울특별시 노원구 상계동,173-1,173,1,벽산,75.03,201902,11~20,37000,8,1989,한글비석로
385,서울특별시 노원구 상계동,173-1,173,1,벽산,46.8,201902,11~20,26500,6,1989,한글비석로
386,서울특별시 노원구 상계동,639,639,0,보람1단지,44.33,201902,11~20,26200,12,1988,한글비석로
387,서울특별시 노원구 상계동,639,639,0,보람1단지,54.59,201902,21~28,35000,5,1988,한글비석로
388,서울특별시 노원구 상계동,639,639,0,보람2단지,68.99,201902,1~10,40000,11,1988,한글비석로
389,서울특별시 노원구 상계동,639,639,0,보람2단지,68.99,201902,11~20,38000,8,1988,한글비석로
390,서울특별시 노원구 상계동,1279,1279,0,상계1차중앙하이츠,59.82,201901,21~31,43000,9,1997,노원로28길
391,서울특별시 노원구 상계동,1301,1301,0,상계대림e편한세상,114.34,201901,21~31,46800,8,2002,동일로239길
392,서울특별시 노원구 상계동,765,765,0,상계주공1(고층),59.39,201902,11~20,38300,6,1988,덕릉로
393,서울특별시 노원구 상계동,765,765,0,상계주공1(고층),32.39,201902,11~20,28000,6,1988,동일로213길
394,서울특별시 노원구 상계동,666,666,0,상계주공10(고층),59.28,201902,11~20,40000,2,1988,노원로
395,서울특별시 노원구 상계동,666,666,0,상계주공10(고층),45.9,201902,11~20,38000,7,1988,노원로
396,서울특별시 노원구 상계동,647,647,0,상계주공12(고층),58.01,201902,11~20,38500,10,1988,한글비석로
397,서울특별시 노원구 상계동,637,637,0,상계주공13(고층),45.9,201902,21~28,25000,12,1989,한글비석로54길
398,서울특별시 노원구 상계동,626,626,0,상계주공14(고층),41.3,201902,21~28,25000,3,1989,동일로228길
399,서울특별시 노원구 상계동,626,626,0,상계주공14(저층),62.17,201902,1~10,36900,1,1989,동일로228길
400,서울특별시 노원구 상계동,624,624,0,상계주공16(고층),45.77,201902,11~20,26650,12,1988,동일로227길
401,서울특별시 노원구 상계동,730-2,730,2,상계주공3(고층),59.2,201902,1~10,49000,5,1987,동일로215길
402,서울특별시 노원구 상계동,730-2,730,2,상계주공3(고층),41.3,201902,11~20,30000,4,1987,동일로215길
403,서울특별시 노원구 상계동,730-2,730,2,상계주공3(고층),59.28,201902,21~28,49000,12,1987,동일로215길
404,서울특별시 노원구 상계동,749-5,749,5,상계주공4(고층),32.39,201902,11~20,23000,1,1988,동일로214길
405,서울특별시 노원구 상계동,721,721,0,상계주공5(저층),31.98,201901,21~31,38300,2,1987,동일로216길
406,서울특별시 노원구 상계동,721,721,0,상계주공5(저층),31.98,201902,11~20,38500,2,1987,동일로216길
407,서울특별시 노원구 상계동,721,721,0,상계주공5(저층),31.98,201902,11~20,38600,1,1987,동일로216길
408,서울특별시 노원구 상계동,721,721,0,상계주공5(저층),31.98,201902,11~20,38000,4,1987,동일로216길
409,서울특별시 노원구 상계동,720,720,0,상계주공6(고층),41.3,201902,1~10,34000,3,1988,노해로
410,서울특별시 노원구 상계동,720,720,0,상계주공6(고층),59.39,201902,1~10,47400,11,1988,노해로
411,서울특별시 노원구 상계동,720,720,0,상계주공6(고층),58.01,201902,21~28,47500,14,1988,노해로
412,서울특별시 노원구 상계동,691,691,0,상계주공7(고층),45.9,201902,11~20,37500,6,1988,동일로
413,서울특별시 노원구 상계동,691,691,0,상계주공7(고층),49.94,201902,11~20,44500,14,1988,동일로
414,서울특별시 노원구 상계동,691,691,0,상계주공7(고층),59.39,201902,11~20,50000,4,1988,상계로1길
415,서울특별시 노원구 상계동,691,691,0,상계주공7(고층),49.94,201902,21~28,53000,7,1988,동일로
416,서울특별시 노원구 상계동,670,670,0,상계주공9(고층),58.01,201902,21~28,39200,10,1988,노원로
417,서울특별시 노원구 상계동,1296,1296,0,상록수1단지,53.656000000000006,201902,11~20,29800,5,2002,동일로239나길
418,서울특별시 노원구 상계동,1255,1255,0,은빛1단지,59.95,201902,11~20,38000,11,1998,동일로245길
419,서울특별시 노원구 상계동,1256,1256,0,은빛2단지,59.95,201902,1~10,36500,10,1998,동일로245가길
420,서울특별시 노원구 상계동,1256,1256,0,은빛2단지,39.7,201902,11~20,25000,6,1998,동일로245가길
421,서울특별시 노원구 상계동,1256,1256,0,은빛2단지,39.7,201902,21~28,21150,1,1998,동일로245가길
422,서울특별시 노원구 상계동,1276,1276,0,청암2단지,59.96,201902,11~20,38200,9,2001,덕릉로94가길
423,서울특별시 노원구 상계동,1281,1281,0,코오롱,59.94,201902,11~20,38000,1,1997,노원로26가길
424,서울특별시 노원구 상계동,451,451,0,한신2차,84.92,201902,11~20,41750,13,1988,한글비석로48길
425,서울특별시 노원구 상계동,995,995,0,한신4차,84.84,201902,11~20,36500,9,1995,동일로230길
426,서울특별시 노원구 상계동,1309,1309,0,한일유앤아이,84.991,201902,11~20,54700,15,2005,노원로28길
427,서울특별시 노원구 월계동,775,775,0,대우,99.98,201902,1~10,48000,17,1998,초안산로5길
428,서울특별시 노원구 월계동,436,436,0,동신,71.77,201902,1~10,40000,5,1983,광운로2나길
429,서울특별시 노원구 월계동,436,436,0,동신,71.83,201902,21~28,40500,3,1983,광운로2나길
430,서울특별시 노원구 월계동,940,940,0,동원베네스트,59.854,201902,11~20,37700,5,2005,월계로53길
431,서울특별시 노원구 월계동,13,13,0,미성,50.14,201902,21~28,40000,2,1986,마들로
432,서울특별시 노원구 월계동,320-11,320,11,사슴3,49.5,201902,1~10,33000,14,1995,월계로55길
433,서울특별시 노원구 월계동,13,13,0,삼호3,59.22,201902,1~10,47000,9,1986,마들로
434,서울특별시 노원구 월계동,322-1,322,1,성원(사슴4),39.6,201902,11~20,20000,3,1995,마들로3길
435,서울특별시 노원구 월계동,880,880,0,유원,59.93,201901,21~31,26700,5,1998,덕릉로60길
436,서울특별시 노원구 월계동,780,780,0,청백3,39.84,201902,11~20,19800,8,1998,월계로45가길
437,서울특별시 노원구 월계동,781,781,0,청백4,39.84,201902,11~20,19950,3,1998,월계로45가길
438,서울특별시 노원구 월계동,945,945,0,초안산쌍용스윗닷홈,84.69,201902,11~20,43000,8,2006,덕릉로60길
439,서울특별시 노원구 월계동,926,926,0,한일1,84.94200000000001,201902,11~20,50000,5,1999,석계로15길
440,서울특별시 노원구 월계동,18,18,0,한진한화그랑빌,59.94,201902,21~28,49000,2,2002,마들로
441,서울특별시 노원구 월계동,18,18,0,한진한화그랑빌,84.97,201902,21~28,60600,7,2002,마들로
442,서울특별시 노원구 중계동,515-2,515,2,건영2,75.02,201902,11~20,44000,14,1991,덕릉로
443,서울특별시 노원구 중계동,586,586,0,건영재건축(586),59.92,201902,11~20,31000,10,1998,덕릉로
444,서울특별시 노원구 중계동,505,505,0,롯데(505),54.48,201902,1~10,39500,7,1989,섬밭로
445,서울특별시 노원구 중계동,361-1,361,1,롯데우성아파트,115.26,201902,1~10,84000,9,1993,노원로22길
446,서울특별시 노원구 중계동,366,366,0,신동아(366),101.94,201902,21~28,84500,5,1993,중계로
447,서울특별시 노원구 중계동,589,589,0,신일,59.97,201902,11~20,31500,4,1998,한글비석로
448,서울특별시 노원구 중계동,369,369,0,주공2,44.52,201902,11~20,26000,5,1992,한글비석로14길
449,서울특별시 노원구 중계동,369,369,0,주공2,44.52,201902,21~28,24800,15,1992,한글비석로14길
450,서울특별시 노원구 중계동,358-2,358,2,주공4,45.77,201902,1~10,28800,11,1991,덕릉로76길
451,서울특별시 노원구 중계동,358-2,358,2,주공4,76.51,201902,11~20,45000,11,1991,덕릉로76길
452,서울특별시 노원구 중계동,359-1,359,1,주공5,58.46,201902,11~20,47000,10,1992,중계로
453,서울특별시 노원구 중계동,502-1,502,1,중계그린1단지,49.5,201902,1~10,33000,9,1990,동일로207길
454,서울특별시 노원구 중계동,502-1,502,1,중계그린1단지,49.85,201902,11~20,35000,3,1990,동일로207길
455,서울특별시 노원구 중계동,512,512,0,중계무지개,39.82,201902,11~20,26500,3,1991,동일로208길
456,서울특별시 노원구 중계동,512,512,0,중계무지개,59.26,201902,11~20,39000,5,1991,동일로208길
457,서울특별시 노원구 중계동,512,512,0,중계무지개,39.96,201902,11~20,26000,9,1991,동일로208길
458,서울특별시 노원구 중계동,512,512,0,중계무지개,39.96,201902,21~28,23000,1,1991,동일로208길
459,서울특별시 노원구 중계동,360-2,360,2,청구3,84.77,201902,21~28,80000,8,1996,중계로
460,서울특별시 노원구 중계동,598,598,0,한화꿈에그린,84.902,201902,1~10,57000,6,2005,중계로8길
461,서울특별시 노원구 중계동,577,577,0,현대1(4차),84.99,201902,21~28,39800,9,1993,중계로8길
462,서울특별시 노원구 중계동,577,577,0,현대1(4차),77.15,201902,21~28,39500,7,1993,중계로8길
463,서울특별시 노원구 하계동,271-3,271,3,극동,55.72,201902,21~28,35700,14,1988,섬밭로
464,서울특별시 노원구 하계동,353,353,0,우방,59.74,201902,1~10,35000,7,1999,공릉로58길
465,서울특별시 노원구 하계동,270,270,0,우성,127.22,201902,11~20,75000,11,1988,섬밭로
466,서울특별시 노원구 하계동,273,273,0,장미(시영6),54.29,201902,11~20,35000,10,1989,섬밭로
467,서울특별시 노원구 하계동,273,273,0,장미(시영6),54.02,201902,21~28,36000,6,1989,섬밭로
468,서울특별시 노원구 하계동,284,284,0,청구,84.97,201902,1~10,59500,4,1988,공릉로
469,서울특별시 노원구 하계동,284,284,0,청구,70.69,201902,21~28,52000,13,1988,공릉로
470,서울특별시 노원구 하계동,251,251,0,하계1청구,84.6,201902,1~10,62800,10,1997,한글비석로
471,서울특별시 노원구 하계동,354,354,0,학여울청구,59.4,201901,21~31,42500,4,1999,동일로207길
472,서울특별시 노원구 하계동,284,284,0,한신1,27.0,201902,11~20,20500,15,1988,공릉로
473,서울특별시 도봉구 도봉동,655,655,0,래미안도봉,59.25,201902,21~28,44000,4,2005,도봉로170길
474,서울특별시 도봉구 도봉동,595,595,0,럭키,84.86,201901,21~31,34000,12,1992,도봉로169길
475,서울특별시 도봉구 도봉동,641,641,0,서원,40.02,201902,11~20,19700,16,1996,마들로
476,서울특별시 도봉구 도봉동,641,641,0,서원,49.77,201902,21~28,23500,4,1996,마들로
477,서울특별시 도봉구 도봉동,641,641,0,서원,59.51,201902,21~28,30000,15,1996,마들로
478,서울특별시 도봉구 도봉동,01월 30일,30,1,한신,84.94,201902,1~10,37000,6,1995,마들로
479,서울특별시 도봉구 방학동,444-31,444,31,대원그린아파트,46.86,201902,11~20,18400,10,1987,방학로
480,서울특별시 도봉구 방학동,275,275,0,벽산아파트1,63.38,201902,11~20,27500,9,1991,방학로11길
481,서울특별시 도봉구 방학동,496,496,0,벽산아파트2,59.581,201902,11~20,30500,2,1998,시루봉로5길
482,서울특별시 도봉구 방학동,636,636,0,송학휴스테이,51.867,201902,21~28,25000,7,2016,도당로15길
483,서울특별시 도봉구 방학동,271-1,271,1,신동아아파트1,126.89,201902,1~10,49500,8,1986,방학로
484,서울특별시 도봉구 방학동,271-1,271,1,신동아아파트1,53.16,201902,1~10,24000,12,1986,시루봉로
485,서울특별시 도봉구 방학동,271-1,271,1,신동아아파트1,53.16,201902,1~10,25000,9,1986,방학로
486,서울특별시 도봉구 방학동,271-1,271,1,신동아아파트1,112.49,201902,21~28,41000,2,1986,방학로
487,서울특별시 도봉구 방학동,271-1,271,1,신동아아파트1,112.49,201902,21~28,40500,12,1986,방학로
488,서울특별시 도봉구 방학동,531,531,0,신동아아파트2,147.48,201902,11~20,49000,2,1992,방학로15길
489,서울특별시 도봉구 방학동,508,508,0,우성아파트2,84.98,201902,1~10,44000,11,1993,해등로
490,서울특별시 도봉구 방학동,508,508,0,우성아파트2,84.98,201902,11~20,37200,3,1993,해등로
491,서울특별시 도봉구 방학동,734,734,0,청구아파트,84.97,201902,11~20,36000,2,1994,시루봉로
492,서울특별시 도봉구 방학동,734,734,0,청구아파트,84.97,201902,21~28,38000,9,1994,시루봉로
493,서울특별시 도봉구 방학동,705-17,705,17,퍼스티안,13.6794,201902,21~28,9900,10,2013,도봉로150가길
494,서울특별시 도봉구 쌍문동,산69-1,69,1,금호2,69.82,201902,21~28,32000,11,1991,해등로
495,서울특별시 도봉구 쌍문동,153,153,0,기용,41.31,201902,11~20,15500,1,1988,도봉로127길
496,서울특별시 도봉구 쌍문동,02월 13일,13,2,대웅,44.82,201902,21~28,19500,1,1989,도당로
497,서울특별시 도봉구 쌍문동,285-5,285,5,동익미라벨,82.5,201901,21~31,30000,11,1987,우이천로32길
498,서울특별시 도봉구 쌍문동,285-5,285,5,동익미라벨,84.53,201902,11~20,31000,6,1987,우이천로32길
499,서울특별시 도봉구 쌍문동,56,56,0,삼익세라믹,42.93,201902,11~20,24300,14,1988,해등로
500,서울특별시 도봉구 쌍문동,19,19,0,엘지트윈빌Ⅰ·Ⅱ,240.97,201902,11~20,60000,3,1999,도당로
501,서울특별시 도봉구 쌍문동,722,722,0,염광,59.91,201902,21~28,22900,6,1997,우이천로30길
502,서울특별시 도봉구 쌍문동,59,59,0,한양2,35.1,201901,21~31,19250,5,1988,해등로
503,서울특별시 도봉구 쌍문동,54,54,0,현대1,44.55,201902,1~10,19500,7,1990,해등로
504,서울특별시 도봉구 쌍문동,54,54,0,현대1,44.55,201902,21~28,21900,11,1990,해등로
505,서울특별시 도봉구 창동,809,809,0,금용,59.97,201902,11~20,29500,3,1997,우이천로
506,서울특별시 도봉구 창동,804,804,0,대우,59.86,201902,11~20,38100,12,1995,덕릉로63가길
507,서울특별시 도봉구 창동,804,804,0,대우,84.88,201902,21~28,45900,9,1995,덕릉로63가길
508,서울특별시 도봉구 창동,26,26,0,동아,88.23,201902,21~28,58000,2,1988,노해로70길
509,서울특별시 도봉구 창동,299,299,0,상아1차아파트,84.99,201902,11~20,58500,14,1987,해등로
510,서울특별시 도봉구 창동,300,300,0,상아2차아파트,45.54,201902,11~20,36500,7,1988,노해로63가길
511,서울특별시 도봉구 창동,810,810,0,신창,59.4,201902,1~10,27000,7,1998,덕릉로62길
512,서울특별시 도봉구 창동,810,810,0,신창,49.77,201902,21~28,24000,8,1998,덕릉로62길
513,서울특별시 도봉구 창동,7,7,0,월가타워,13.09,201902,11~20,9800,12,2013,마들로11가길
514,서울특별시 도봉구 창동,7,7,0,월가타워,15.49,201902,21~28,11500,9,2013,마들로11가길
515,서울특별시 도봉구 창동,38,38,0,주공17단지,36.34,201902,11~20,27000,10,1989,덕릉로66길
516,서울특별시 도봉구 창동,38,38,0,주공17단지,36.16,201902,11~20,22250,3,1989,덕릉로66길
517,서울특별시 도봉구 창동,38,38,0,주공17단지,36.16,201902,11~20,21000,6,1989,덕릉로66길
518,서울특별시 도봉구 창동,38,38,0,주공17단지,36.16,201902,21~28,21500,1,1989,덕릉로66길
519,서울특별시 도봉구 창동,27,27,0,주공19단지(창동 리버타운),68.86,201902,11~20,56800,6,1988,노해로70길
520,서울특별시 도봉구 창동,27,27,0,주공19단지(창동 리버타운),68.86,201902,21~28,58600,6,1988,노해로70길
521,서울특별시 도봉구 창동,816,816,0,창동3차현대,135.35299999999998,201902,1~10,74000,10,2001,도봉로136길
522,서울특별시 도봉구 창동,30,30,0,창동주공18단지,45.55,201901,21~31,33250,8,1988,노해로70길
523,서울특별시 도봉구 창동,30,30,0,창동주공18단지,41.34,201902,1~10,32500,13,1988,노해로70길
524,서울특별시 도봉구 창동,30,30,0,창동주공18단지,59.39,201902,21~28,46700,13,1988,노해로70길
525,서울특별시 도봉구 창동,305,305,0,창동주공1단지,45.77,201902,21~28,32800,13,1990,해등로
526,서울특별시 도봉구 창동,316,316,0,창동주공2단지,36.16,201902,11~20,31000,12,1990,해등로12길
527,서울특별시 도봉구 창동,347,347,0,창동주공3단지(해등마을),41.3,201902,11~20,38000,11,1990,해등로
528,서울특별시 도봉구 창동,373,373,0,창동주공4단지,41.3,201901,21~31,27500,14,1991,덕릉로
529,서울특별시 도봉구 창동,373,373,0,창동주공4단지,49.94,201902,1~10,40000,4,1991,덕릉로
530,서울특별시 도봉구 창동,812,812,0,창동현대타운,66.42,201902,11~20,35500,9,1999,도봉로114길
531,서울특별시 도봉구 창동,821,821,0,초안산신도브래뉴,78.2974,201902,1~10,37000,4,2005,우이천로4라길
532,서울특별시 도봉구 창동,821,821,0,초안산신도브래뉴,78.2974,201902,11~20,36600,2,2005,우이천로4라길
533,서울특별시 도봉구 창동,451,451,0,한신APT,84.92,201902,11~20,31800,12,1999,덕릉로60바길
534,서울특별시 동대문구 답십리동,994,994,0,답십리한화,84.86,201902,1~10,54500,20,2001,고미술로
535,서울특별시 동대문구 답십리동,808,808,0,대림,114.9,201902,21~28,61000,19,2003,답십리로60길
536,서울특별시 동대문구 답십리동,42,42,0,동답한신,35.45,201902,21~28,26000,6,1992,답십리로
537,서울특별시 동대문구 답십리동,42,42,0,동답한신,35.45,201902,21~28,27000,5,1992,답십리로
538,서울특별시 동대문구 답십리동,998,998,0,두산위브,59.91,201902,1~10,59500,12,2007,황물로15길
539,서울특별시 동대문구 답십리동,998,998,0,두산위브,59.91,201902,1~10,60000,3,2007,황물로15길
540,서울특별시 동대문구 답십리동,998,998,0,두산위브,84.91,201902,11~20,64500,2,2007,황물로15길
541,서울특별시 동대문구 답십리동,998,998,0,두산위브,59.91,201902,11~20,60000,14,2007,황물로15길
542,서울특별시 동대문구 답십리동,998,998,0,두산위브,84.91,201902,21~28,65000,8,2007,황물로15길
543,서울특별시 동대문구 답십리동,1000,1000,0,래미안엘파인아파트,59.95,201902,21~28,42000,9,2011,한천로37길
544,서울특별시 동대문구 답십리동,1003,1003,0,래미안위브,84.98,201902,1~10,89000,5,2014,답십리로
545,서울특별시 동대문구 답십리동,464-1,464,1,신답극동,53.1,201902,21~28,51000,15,1987,서울시립대로
546,서울특별시 동대문구 답십리동,494-1,494,1,한일노벨리아,14.76,201902,11~20,14800,17,2016,천호대로
547,서울특별시 동대문구 답십리동,530-15,530,15,현대썬앤빌청계,23.52,201902,1~10,24300,9,2016,고미술로
548,서울특별시 동대문구 답십리동,530-15,530,15,현대썬앤빌청계,14.21,201902,1~10,13500,11,2016,고미술로
549,서울특별시 동대문구 답십리동,530-15,530,15,현대썬앤빌청계,18.27,201902,11~20,16930,8,2016,고미술로
550,서울특별시 동대문구 용두동,104-3,104,3,동대문푸르지오시티(도시형생활주택),30.11,201902,11~20,36000,9,2016,왕산로
551,서울특별시 동대문구 용두동,790,790,0,롯데캐슬피렌체,115.57,201902,11~20,84000,4,2009,정릉천동로
552,서울특별시 동대문구 용두동,236-1,236,1,신설동역대우아이빌1,84.96700000000001,201902,11~20,58000,8,2004,왕산로
553,서울특별시 동대문구 이문동,225,225,0,대림e-편한세상,114.93700000000001,201902,1~10,69000,17,2003,한천로63길
554,서울특별시 동대문구 이문동,225,225,0,대림e-편한세상,59.958,201902,21~28,52200,9,2003,한천로63길
555,서울특별시 동대문구 이문동,311,311,0,래미안이문2차,84.61,201902,11~20,69500,6,2004,이문로12길
556,서울특별시 동대문구 이문동,73,73,0,삼익,59.95,201902,11~20,44900,7,1997,한천로55길
557,서울특별시 동대문구 이문동,84,84,0,중앙하이츠빌,59.4,201902,11~20,47000,19,2002,외대역동로
558,서울특별시 동대문구 장안동,404-13,404,13,(아이엔에스새터),84.89,201902,21~28,40000,4,2005,천호대로77길
559,서울특별시 동대문구 장안동,93-128,93,128,금성아파트,65.95,201901,21~31,36900,6,2011,사가정로23가길
560,서울특별시 동대문구 장안동,337-3,337,3,르메이에르장안타운3차,73.93,201902,11~20,37600,10,2005,장한로26다길
561,서울특별시 동대문구 장안동,365-4,365,4,서희스타힐스,51.07,201901,21~31,30000,6,2013,장한로20길
562,서울특별시 동대문구 장안동,371-1,371,1,장안삼성쉐르빌,99.51,201902,11~20,53800,28,2002,장한로
563,서울특별시 동대문구 장안동,371-1,371,1,장안삼성쉐르빌,119.05,201902,11~20,57000,25,2002,장한로
564,서울특별시 동대문구 장안동,580,580,0,장안위더스빌,107.97,201902,1~10,59000,14,2011,한천로
565,서울특별시 동대문구 장안동,466-5,466,5,장안푸르미에,11.9559,201902,21~28,12200,7,2013,천호대로97길
566,서울특별시 동대문구 장안동,466-5,466,5,장안푸르미에,12.9463,201902,21~28,12500,5,2013,천호대로97길
567,서울특별시 동대문구 장안동,466-5,466,5,장안푸르미에,12.9463,201902,21~28,12000,4,2013,천호대로97길
568,서울특별시 동대문구 장안동,466-5,466,5,장안푸르미에,12.6512,201902,21~28,12200,5,2013,천호대로97길
569,서울특별시 동대문구 장안동,372-16,372,16,청솔아파트B동,59.93,201902,1~10,31000,9,2015,장한로23길
570,서울특별시 동대문구 장안동,570,570,0,청원파크빌,46.58,201902,21~28,27500,8,2006,한천로14길
571,서울특별시 동대문구 장안동,312-8,312,8,태솔에버빌,49.88,201902,11~20,26000,4,2013,장한로28가길
572,서울특별시 동대문구 장안동,383-10,383,10,태솔에버빌2차,59.94,201902,11~20,32000,6,2015,장한로23길
573,서울특별시 동대문구 장안동,311-6,311,6,화성(311-6),84.6,201902,21~28,35800,3,2003,장한로28가길
574,서울특별시 동대문구 전농동,100-1,100,1,다스하우스,15.5,201902,11~20,14500,16,2018,왕산로
575,서울특별시 동대문구 전농동,645-2,645,2,동아,57.9,201902,1~10,51000,10,1997,서울시립대로
576,서울특별시 동대문구 전농동,645-2,645,2,동아,57.9,201902,11~20,52000,10,1997,서울시립대로
577,서울특별시 동대문구 전농동,645-2,645,2,동아,83.01,201902,11~20,63500,20,1997,서울시립대로
578,서울특별시 동대문구 전농동,690,690,0,래미안 크레시티,59.99,201902,21~28,80500,4,2014,사가정로
579,서울특별시 동대문구 전농동,10,10,0,전농SK,114.3,201901,21~31,70000,13,2000,사가정로
580,서울특별시 동대문구 전농동,6,6,0,전농우성,59.78,201902,11~20,43000,11,1992,사가정로
581,서울특별시 동대문구 제기동,892-65,892,65,공성,73.62,201901,21~31,35800,2,1978,정릉천동로
582,서울특별시 동대문구 제기동,1213,1213,0,어진재,15.64,201902,1~10,17000,2,2014,회기로
583,서울특별시 동대문구 제기동,1213,1213,0,어진재,15.61,201902,11~20,17000,4,2014,회기로
584,서울특별시 동대문구 제기동,1213,1213,0,어진재,15.61,201902,21~28,17000,4,2014,회기로
585,서울특별시 동대문구 제기동,252,252,0,이수브라운스톤,84.9,201902,21~28,60000,17,2005,왕산로23길
586,서울특별시 동대문구 제기동,252,252,0,이수브라운스톤,84.51,201902,21~28,59500,9,2005,왕산로23길
587,서울특별시 동대문구 청량리동,60,60,0,한신,114.95,201902,11~20,62500,5,1997,제기로
588,서울특별시 동대문구 회기동,346-18,346,18,베라체캠퍼스,54.526,201901,21~31,42500,7,2013,이문로
589,서울특별시 동대문구 회기동,346-18,346,18,베라체캠퍼스,24.319000000000003,201902,11~20,24900,7,2013,이문로
590,서울특별시 동대문구 휘경동,78,78,0,롯데,84.89,201902,21~28,58000,13,2000,망우로
591,서울특별시 동대문구 휘경동,264-2,264,2,효자워너빌,84.64,201902,11~20,57000,11,2006,망우로
592,서울특별시 동대문구 휘경동,367,367,0,휘경센트레빌,84.79,201901,21~31,63500,4,2011,외대역동로
593,서울특별시 동작구 노량진동,325,325,0,신동아리버파크,59.67,201901,21~31,61750,17,2001,만양로
594,서울특별시 동작구 노량진동,325,325,0,신동아리버파크,114.75,201902,11~20,83500,25,2001,만양로
595,서울특별시 동작구 노량진동,325,325,0,신동아리버파크,84.88,201902,21~28,70000,19,2001,만양로
596,서울특별시 동작구 노량진동,332,332,0,쌍용예가,114.685,201902,21~28,68300,10,2010,장승배기로16길
597,서울특별시 동작구 노량진동,323,323,0,우성,84.96,201902,1~10,72000,10,1997,만양로8길
598,서울특별시 동작구 대방동,393-26,393,26,다운페라,83.41,201902,11~20,46000,1,2006,대방동2길
599,서울특별시 동작구 대방동,501,501,0,대림아파트,84.92,201902,11~20,95500,14,1993,여의대방로44길
600,서울특별시 동작구 대방동,381-3,381,3,드림빌라트,73.49,201901,21~31,43000,4,2001,대방동27길
601,서울특별시 동작구 동작동,333,333,0,이수힐스테이트,84.98200000000001,201902,1~10,115000,4,2013,동작대로39길
602,서울특별시 동작구 동작동,333,333,0,이수힐스테이트,84.98200000000001,201902,21~28,112000,4,2013,동작대로39길
603,서울특별시 동작구 본동,494,494,0,래미안트윈파크,59.9,201902,21~28,83000,3,2011,노량진로23가길
604,서울특별시 동작구 사당동,169-8,169,8,대림(169-8),84.91,201902,11~20,80000,3,1990,사당로17길
605,서울특별시 동작구 사당동,169-8,169,8,대림(169-8),125.4,201902,11~20,98000,4,1990,사당로17길
606,서울특별시 동작구 사당동,1149,1149,0,사당롯데캐슬2차,84.61399999999999,201902,11~20,78000,14,2004,사당로27길
607,서울특별시 동작구 상도동,903,903,0,e편한세상상도노빌리티,84.97,201901,21~31,126500,20,2018,만양로
608,서울특별시 동작구 상도동,431,431,0,래미안상도3차,84.96,201902,21~28,89000,8,2004,상도로53길
609,서울특별시 동작구 상도동,363-164,363,164,상도 휴엔하임,14.7,201902,1~10,15000,4,2016,상도로15길
610,서울특별시 동작구 상도동,533,533,0,상도엠코타운애스톤파크,120.00399999999999,201902,21~28,110000,1,2013,상도로
611,서울특별시 동작구 상도동,533,533,0,상도엠코타운애스톤파크,84.884,201902,21~28,97000,8,2013,상도로
612,서울특별시 동작구 상도동,418,418,0,쌍용스윗닷홈,59.578,201902,11~20,60000,3,2003,상도로
613,서울특별시 동작구 상도동,521,521,0,포스코더샵,59.99,201901,21~31,76000,10,2007,장승배기로4길
614,서울특별시 동작구 상도동,407,407,0,현대(관악),84.78,201902,21~28,60000,3,1992,상도로
615,서울특별시 동작구 신대방동,395-67,395,67,롯데관악타워,149.74,201901,21~31,79000,14,1996,보라매로5길
616,서울특별시 동작구 신대방동,395-67,395,67,롯데관악타워,149.74,201902,1~10,77200,13,1996,보라매로5길
617,서울특별시 동작구 신대방동,360-17,360,17,신동아,48.18,201902,11~20,33850,11,1993,여의대방로22아길
618,서울특별시 마포구 노고산동,01월 03일,1,3,신촌포스빌,32.34,201902,1~10,31000,15,2004,신촌로
619,서울특별시 마포구 노고산동,107-36,107,36,현대벤처빌,41.96,201901,21~31,29900,15,2002,백범로
620,서울특별시 마포구 대흥동,660,660,0,마포태영,84.77,201902,1~10,89750,5,1999,독막로
621,서울특별시 마포구 대흥동,12-41,12,41,서희스타힐스,12.85,201902,1~10,19800,5,2014,신촌로
622,서울특별시 마포구 도화동,550,550,0,삼성,114.74,201902,11~20,110000,5,1997,도화길
623,서울특별시 마포구 도화동,555,555,0,한화오벨리스크,79.9,201902,21~28,78500,24,2004,마포대로
624,서울특별시 마포구 마포동,253,253,0,쌍용,84.9,201902,11~20,75000,3,2000,마포대로4라길
625,서울특별시 마포구 망원동,497,497,0,대림2,59.99,201902,21~28,60000,4,2002,망원로1길
626,서울특별시 마포구 망원동,494,494,0,삼성화원,89.55,201902,21~28,65000,2,2002,망원로10길
627,서울특별시 마포구 망원동,489,489,0,성원2,84.96,201902,21~28,62500,14,1999,망원로4길
628,서울특별시 마포구 망원동,432-63,432,63,신부,83.45,201902,11~20,45000,3,2001,월드컵로29길
629,서울특별시 마포구 망원동,454-1,454,1,참존2차(454-1),84.56,201902,21~28,53000,3,2005,망원로
630,서울특별시 마포구 망원동,501,501,0,태청,75.77,201901,21~31,52500,4,2003,포은로6길
631,서울특별시 마포구 상수동,396,396,0,두산위브,84.79,201902,11~20,84000,5,2004,독막로18길
632,서울특별시 마포구 상암동,1655,1655,0,상암월드컵파크4단지,84.81,201902,1~10,98000,12,2006,상암산로1길
633,서울특별시 마포구 상암동,1660,1660,0,상암월드컵파크7단지,84.74,201902,11~20,85000,13,2005,상암산로1길
634,서울특별시 마포구 상암동,1618,1618,0,휴먼시아2단지,51.98,201902,1~10,60000,1,2009,월드컵북로42가길
635,서울특별시 마포구 서교동,487,487,0,대우미래사랑,34.29,201902,1~10,27800,10,2005,월드컵북로5나길
636,서울특별시 마포구 서교동,487,487,0,대우미래사랑,68.11,201902,11~20,49300,3,2005,월드컵북로5나길
637,서울특별시 마포구 서교동,487,487,0,대우미래사랑,57.36,201902,21~28,42000,8,2005,월드컵북로5나길
638,서울특별시 마포구 서교동,371-7,371,7,엠제이더퍼스트홍대,14.89,201902,11~20,25800,5,2018,양화로
639,서울특별시 마포구 성산동,446,446,0,성산시영(선경),50.54,201902,11~20,60000,3,1986,월드컵북로
640,서울특별시 마포구 성산동,446,446,0,성산시영(유원),59.43,201902,1~10,80000,9,1986,월드컵북로
641,서울특별시 마포구 성산동,214-15,214,15,엘지(214-15),80.91,201902,11~20,34700,2,2003,월드컵로30다길
642,서울특별시 마포구 성산동,Mar-49,49,3,월드,129.88,201902,21~28,37000,1,2000,월드컵북로12안길
643,서울특별시 마포구 신공덕동,167,167,0,대우메트로디오빌,23.63,201902,11~20,25000,19,2005,백범로
644,서울특별시 마포구 신공덕동,167,167,0,대우메트로디오빌,23.63,201902,21~28,26900,28,2005,백범로
645,서울특별시 마포구 신공덕동,13-15,13,15,블레스하임,25.77,201901,21~31,39400,13,2019,만리재로
646,서울특별시 마포구 신공덕동,13-15,13,15,블레스하임,25.13,201901,21~31,38400,9,2019,만리재로
647,서울특별시 마포구 신공덕동,13-15,13,15,블레스하임,24.27,201901,21~31,38400,9,2019,만리재로
648,서울특별시 마포구 신공덕동,13-15,13,15,블레스하임,25.77,201901,21~31,38400,8,2019,만리재로
649,서울특별시 마포구 신공덕동,13-15,13,15,블레스하임,24.27,201901,21~31,38400,8,2019,만리재로
650,서울특별시 마포구 신공덕동,13-15,13,15,블레스하임,25.13,201902,11~20,39400,13,2019,만리재로
651,서울특별시 마포구 신공덕동,13-15,13,15,블레스하임,25.77,201902,21~28,38900,14,2019,만리재로
652,서울특별시 마포구 신공덕동,13-15,13,15,블레스하임,25.13,201902,21~28,39200,10,2019,만리재로
653,서울특별시 마포구 신수동,459,459,0,밤섬경남아너스빌,84.83,201902,21~28,87300,1,2009,독막로28길
654,서울특별시 마포구 아현동,777,777,0,마포래미안푸르지오3단지,84.5978,201902,11~20,110000,23,2014,마포대로
655,서울특별시 마포구 아현동,692,692,0,서서울삼성,48.92,201902,1~10,65000,3,1998,마포대로
656,서울특별시 마포구 염리동,521,521,0,마포자이,84.69200000000001,201902,11~20,114000,16,2003,독막로42길
657,서울특별시 마포구 용강동,508,508,0,e편한세상마포리버파크,59.98,201902,11~20,112000,15,2016,토정로31길
658,서울특별시 마포구 합정동,470,470,0,일신건영휴먼빌,84.76,201902,11~20,67300,4,2005,토정로5길
659,서울특별시 서대문구 남가좌동,385,385,0,DMC파크뷰자이1단지,120.492,201902,11~20,112500,5,2015,가재울미래로
660,서울특별시 서대문구 남가좌동,385,385,0,DMC파크뷰자이1단지,59.981,201902,11~20,73500,12,2015,가재울미래로
661,서울특별시 서대문구 남가좌동,385,385,0,DMC파크뷰자이1단지,84.971,201902,21~28,84000,27,2015,가재울미래로
662,서울특별시 서대문구 남가좌동,376,376,0,남가좌동현대,73.65,201902,11~20,56500,5,1999,가재울로
663,서울특별시 서대문구 남가좌동,376,376,0,남가좌동현대,84.78,201902,21~28,58250,19,1999,가재울로
664,서울특별시 서대문구 남가좌동,377,377,0,남가좌삼성,84.9,201902,11~20,65000,10,2000,증가로
665,서울특별시 서대문구 남가좌동,377,377,0,남가좌삼성,59.59,201902,21~28,49250,3,2000,증가로
666,서울특별시 서대문구 남가좌동,387,387,0,디엠씨엘가,13.03,201902,11~20,14500,6,2017,모래내로
667,서울특별시 서대문구 북가좌동,488,488,0,(488-),50.77,201902,1~10,29900,11,2018,응암로
668,서울특별시 서대문구 북가좌동,481,481,0,DMC래미안e편한세상,59.97,201902,21~28,70000,9,2012,수색로
669,서울특별시 서대문구 북가좌동,431,431,0,연희한양,84.33,201902,1~10,55750,11,1987,응암로
670,서울특별시 서대문구 북가좌동,431,431,0,연희한양,65.34,201902,21~28,43000,10,1987,응암로
671,서울특별시 서대문구 북가좌동,150,150,0,요진,82.08,201902,1~10,39000,11,1998,수색로
672,서울특별시 서대문구 북가좌동,371-1,371,1,월드컵현대,59.76,201902,11~20,39000,13,1998,수색로
673,서울특별시 서대문구 북아현동,1006,1006,0,북아현경남,59.92,201902,11~20,78750,8,1996,북아현로
674,서울특별시 서대문구 연희동,740,740,0,성원,84.95,201901,21~31,58000,8,2001,연희로32길
675,서울특별시 서대문구 연희동,745,745,0,연희자이엘라,13.642000000000001,201901,21~31,15300,2,2014,연희로5길
676,서울특별시 서대문구 연희동,745,745,0,연희자이엘라,13.642000000000001,201902,11~20,17000,11,2014,연희로5길
677,서울특별시 서대문구 연희동,105-4,105,4,은하,49.59,201901,21~31,18200,2,1971,연희로15길
678,서울특별시 서대문구 연희동,105-4,105,4,은하,49.59,201902,11~20,20300,3,1971,연희로15길
679,서울특별시 서대문구 영천동,100,100,0,독립문삼호,84.78,201902,11~20,76000,13,1995,독립문로
680,서울특별시 서대문구 영천동,100,100,0,독립문삼호,108.63,201902,11~20,84000,10,1995,독립문로
681,서울특별시 서대문구 창천동,510-2,510,2,3RU-City,17.19,201902,1~10,18800,4,2013,신촌로
682,서울특별시 서대문구 창천동,381,381,0,센타폴리스,80.88,201902,11~20,45300,1,2005,연희로2길
683,서울특별시 서대문구 창천동,518,518,0,연대JK,24.09,201902,21~28,18000,5,2012,성산로
684,서울특별시 서대문구 충정로2가,185-15,185,15,현대,99.97,201901,21~31,61000,3,1992,충정로7길
685,서울특별시 서대문구 충정로3가,1-37,1,37,동호,79.52,201902,11~20,63000,2,2003,경기대로9길
686,서울특별시 서대문구 현저동,1019,1019,0,독립문파크빌,59.4,201902,1~10,47200,7,2000,통일로
687,서울특별시 서대문구 홍은동,454,454,0,극동,84.98,201902,11~20,36800,15,1995,포방터10길
688,서울특별시 서대문구 홍은동,440-1,440,1,반석블레스,84.92,201902,21~28,59500,4,2013,통일로48가길
689,서울특별시 서대문구 홍은동,22,22,0,유원,64.26,201902,11~20,29500,7,1987,홍은중앙로1길
690,서울특별시 서대문구 홍은동,459,459,0,진흥,78.02,201902,11~20,49500,7,2002,모래내로
691,서울특별시 서대문구 홍은동,202-5,202,5,"현대(1,2차)",84.77,201902,11~20,50000,12,1988,연희로
692,서울특별시 서대문구 홍은동,455,455,0,홍은동벽산,84.78,201902,21~28,52000,5,1997,세검정로1길
693,서울특별시 서대문구 홍은동,455,455,0,홍은동벽산,114.96,201902,21~28,57500,6,1997,세검정로1길
694,서울특별시 서대문구 홍은동,439-1,439,1,홍은동아더프라임,74.8918,201902,11~20,51000,4,2014,통일로
695,서울특별시 서대문구 홍은동,460,460,0,홍은동풍림아이원,84.91799999999999,201902,11~20,45000,8,2002,홍은중앙로
696,서울특별시 서대문구 홍제동,156-200,156,200,고은,58.84,201901,21~31,22000,5,1975,모래내로
697,서울특별시 서대문구 홍제동,315-7,315,7,서울맨션,45.32,201902,11~20,20800,5,1972,통일로37길
698,서울특별시 서대문구 홍제동,315-7,315,7,서울맨션,45.32,201902,21~28,20950,5,1972,통일로37길
699,서울특별시 서대문구 홍제동,132-5,132,5,에이원,58.35,201902,11~20,35500,5,2015,홍제원길
700,서울특별시 서대문구 홍제동,454,454,0,유원하나,103.11,201902,11~20,49500,9,1996,세검정로
701,서울특별시 서대문구 홍제동,467,467,0,인왕산어울림,119.82,201902,1~10,78000,3,2006,통일로26길
702,서울특별시 서대문구 홍제동,453,453,0,청구1차,84.78,201902,21~28,67300,12,1994,통일로
703,서울특별시 서대문구 홍제동,461,461,0,홍제삼성래미안,114.75,201902,11~20,85500,14,2001,통일로
704,서울특별시 서초구 반포동,01월 08일,1,8,반포경남아파트,73.5,201902,11~20,168000,7,1978,신반포로
705,서울특별시 서초구 반포동,1341,1341,0,반포래미안아이파크,84.93,201901,21~31,205000,3,2018,서초중앙로
706,서울특별시 서초구 반포동,30-26,30,26,반포리체,59.993,201902,1~10,134500,35,2010,고무래로
707,서울특별시 서초구 반포동,30-26,30,26,반포리체,84.96700000000001,201902,11~20,192500,31,2010,고무래로
708,서울특별시 서초구 반포동,Apr-60,60,4,반포미도,84.96,201902,21~28,148000,7,1987,서초중앙로29길
709,서울특별시 서초구 반포동,20-43,20,43,반포자이,59.98,201902,11~20,156500,4,2009,신반포로
710,서울특별시 서초구 반포동,20-43,20,43,반포자이,84.943,201902,21~28,231000,4,2009,신반포로
711,서울특별시 서초구 방배동,12-36,12,36,라온채,272.74,201902,11~20,255000,5,2008,사평대로6길
712,서울특별시 서초구 방배동,866-20,866,20,방배대우디오빌,29.6,201902,1~10,34700,9,2005,서초대로
713,서울특별시 서초구 방배동,866-20,866,20,방배대우디오빌,29.6,201902,11~20,32000,7,2005,서초대로
714,서울특별시 서초구 방배동,486-8,486,8,방배아트 e편한세상,117.26,201902,21~28,103500,5,2005,효령로2길
715,서울특별시 서초구 방배동,2626,2626,0,삼성래미안1,84.91,201901,21~31,115000,4,2003,방배선행길
716,서울특별시 서초구 방배동,1006-1,1006,1,서초이에스에이3차,59.4,201902,21~28,86000,8,2002,명달로
717,서울특별시 서초구 서초동,1494-4,1494,4,더미켈란,219.44,201901,21~31,230000,8,2005,명달로
718,서울특별시 서초구 서초동,1445-4,1445,4,래미안서초유니빌,49.745,201901,21~31,50900,12,2003,서초중앙로
719,서울특별시 서초구 서초동,1445-4,1445,4,래미안서초유니빌,45.255,201902,11~20,33000,14,2003,서초중앙로
720,서울특별시 서초구 서초동,1686-9,1686,9,서초 교대 e편한세상,131.16,201902,1~10,200000,3,2010,서초중앙로24길
721,서울특별시 서초구 서초동,1529,1529,0,서초2차e-편한세상,116.745,201902,21~28,140000,5,2005,효령로49길
722,서울특별시 서초구 서초동,1684,1684,0,서초4현대,84.99,201902,1~10,133000,16,2000,고무래로
723,서울특별시 서초구 서초동,1518-6,1518,6,서초대림빌라트,168.93,201902,21~28,165000,6,2004,명달로16길
724,서울특별시 서초구 서초동,1330,1330,0,서초동삼성쉐르빌2,35.22,201902,11~20,26000,7,2002,강남대로53길
725,서울특별시 서초구 서초동,1319-13,1319,13,서초현대타워아파트,147.89,201902,1~10,110000,29,1997,강남대로
726,서울특별시 서초구 서초동,1685-3,1685,3,아크로비스타,138.96,201902,1~10,170000,14,2004,서초중앙로
727,서울특별시 서초구 서초동,1497-18,1497,18,현대서초빌라트,243.24,201902,21~28,165000,4,1997,명달로
728,서울특별시 서초구 서초동,1338,1338,0,현대이에스에이아파트,163.95,201902,1~10,115500,7,2002,효령로77길
729,서울특별시 서초구 우면동,720,720,0,서초네이처힐4단지,84.61,201902,21~28,90000,2,2011,태봉로2길
730,서울특별시 서초구 잠원동,157,157,0,동아,84.91,201902,11~20,162000,12,2002,신반포로33길
731,서울특별시 서초구 잠원동,58-24,58,24,신반포11,110.42,201902,21~28,233000,10,1981,나루터로4길
732,서울특별시 서초구 잠원동,74,74,0,신반포14,104.74,201902,11~20,175000,11,1983,신반포로23길
733,서울특별시 서초구 잠원동,58-22,58,22,신반포17,80.4,201902,11~20,178000,9,1983,나루터로4길
734,서울특별시 서초구 잠원동,58-22,58,22,신반포17,80.4,201902,11~20,178000,9,1983,나루터로4길
735,서울특별시 서초구 잠원동,49-17,49,17,신반포18(49-17),51.63,201902,1~10,80000,1,1983,잠원로
736,서울특별시 서초구 잠원동,70,70,0,신반포4,96.48,201902,1~10,170000,12,1979,잠원로
737,서울특별시 서초구 잠원동,159,159,0,아크로리버뷰신반포,78.5,201902,11~20,109258,8,2018,잠원로
738,서울특별시 성동구 금호동1가,280,280,0,e편한세상 신금호,59.98,201902,11~20,87300,12,2018,금호로
739,서울특별시 성동구 금호동1가,633,633,0,벽산,114.57,201902,11~20,84000,7,2001,금호로
740,서울특별시 성동구 성수동1가,685-696,685,696,갤러리아 포레,195.2,201902,21~28,319000,13,2011,서울숲2길
741,서울특별시 성동구 성수동1가,709,709,0,대우2,84.97,201902,1~10,73500,4,1999,상원6길
742,서울특별시 성동구 성수동2가,712,712,0,청구강변1,84.96,201902,21~28,123000,9,1994,둘레15길
743,서울특별시 성동구 옥수동,561,561,0,래미안 옥수 리버젠,59.25,201902,11~20,96000,12,2012,매봉길
744,서울특별시 성동구 옥수동,220-2,220,2,레미테지,227.67,201901,21~31,168000,3,2004,독서당로
745,서울특별시 성동구 옥수동,528,528,0,옥수파크힐스,59.88,201902,1~10,110500,11,2016,매봉길
746,서울특별시 성동구 옥수동,528-1,528,1,이편한세상옥수파크힐스,59.59,201902,11~20,105000,11,2016,매봉길
747,서울특별시 성동구 용답동,15,15,0,중앙하이츠,84.545,201902,1~10,52500,5,1995,용답중앙27길
748,서울특별시 성동구 응봉동,100,100,0,대림(1차),113.71,201902,11~20,88000,4,1986,독서당로62길
749,서울특별시 성동구 응봉동,97,97,0,대림(2차),59.91,201902,11~20,60000,4,1989,독서당로
750,서울특별시 성동구 응봉동,15,15,0,대림강변,59.76,201902,11~20,68000,8,2001,고산자로
751,서울특별시 성동구 응봉동,15,15,0,대림강변,59.76,201902,11~20,68700,5,2001,고산자로
752,서울특별시 성동구 하왕십리동,1058,1058,0,극동미라주,84.33,201902,21~28,68500,16,2001,난계로
753,서울특별시 성동구 하왕십리동,966-18,966,18,상리제나우스,12.84,201902,21~28,13000,6,2013,무학봉28길
754,서울특별시 성동구 하왕십리동,1070,1070,0,센트라스아파트,84.77,201902,11~20,118000,5,2016,왕십리로
755,서울특별시 성동구 하왕십리동,1061,1061,0,풍림아이원,59.93600000000001,201902,21~28,64800,16,2004,난계로
756,서울특별시 성동구 행당동,347,347,0,대림e-편한세상,114.94,201902,1~10,90000,5,2000,행당로
757,서울특별시 성북구 길음동,1280-1,1280,1,길음뉴타운3단지푸르지오,59.77,201902,1~10,47000,14,2005,길음로13길
758,서울특별시 성북구 길음동,1283,1283,0,길음뉴타운6단지(래미안),84.04899999999999,201902,11~20,54000,2,2007,길음로
759,서울특별시 성북구 길음동,1284,1284,0,길음뉴타운8단지(래미안),84.94,201902,21~28,72500,4,2010,길음로
760,서울특별시 성북구 길음동,1278,1278,0,길음동동부센트레빌(1278-0),114.912,201902,21~28,72500,7,2003,숭인로2길
761,서울특별시 성북구 길음동,1893,1893,0,대연파크푸르지오,84.9866,201902,1~10,43000,19,2018,홍곡로
762,서울특별시 성북구 길음동,1276,1276,0,돈암2-1삼부,84.13,201902,1~10,50000,8,1998,동소문로
763,서울특별시 성북구 돈암동,624,624,0,구현대,91.14,201902,11~20,43000,1,1981,정릉로44길
764,서울특별시 성북구 돈암동,01월 15일,15,1,돈암동삼성,84.59,201902,11~20,53000,10,1999,동소문로34길
765,서울특별시 성북구 돈암동,1,1,0,돈암현대아파트,56.7,201902,1~10,39100,2,1991,정릉로
766,서울특별시 성북구 돈암동,631,631,0,범양,114.93,201902,1~10,58500,7,1998,정릉로
767,서울특별시 성북구 돈암동,609-1,609,1,한신,84.87,201901,21~31,59500,11,1998,성북로4길
768,서울특별시 성북구 돈암동,609-1,609,1,한신,68.13,201902,11~20,42380,9,1998,성북로4길
769,서울특별시 성북구 돈암동,609-1,609,1,한신,132.96,201902,21~28,60000,1,1998,성북로4길
770,서울특별시 성북구 돈암동,609-1,609,1,한진(609-1),132.96,201902,1~10,68000,1,1998,성북로4길
771,서울특별시 성북구 돈암동,609-1,609,1,한진(609-1),84.87,201902,21~28,57000,17,1998,성북로4길
772,서울특별시 성북구 동선동4가,295-1,295,1,한양수자인,68.03,201902,11~20,36000,11,2008,동소문로27길
773,서울특별시 성북구 동소문동6가,03월 01일,3,1,시티플레이스,14.02,201902,21~28,20500,9,2015,동소문로
774,서울특별시 성북구 보문동6가,458,458,0,보문파크뷰자이,59.81,201902,1~10,75500,11,2017,보문사길
775,서울특별시 성북구 상월곡동,101,101,0,동아에코빌,59.95,201902,21~28,39500,13,2003,장월로1길
776,서울특별시 성북구 상월곡동,101,101,0,동아에코빌,59.95,201902,21~28,38700,13,2003,장월로1길
777,서울특별시 성북구 상월곡동,55-56,55,56,우남푸르미아,84.51,201902,11~20,43500,11,1994,화랑로15길
778,서울특별시 성북구 상월곡동,55-56,55,56,우남푸르미아,111.4,201902,11~20,47900,3,1994,화랑로15길
779,서울특별시 성북구 석관동,407,407,0,석관래미안,84.84,201901,21~31,63500,5,2009,화랑로
780,서울특별시 성북구 석관동,407,407,0,석관래미안,59.9,201902,11~20,57000,5,2009,화랑로
781,서울특별시 성북구 석관동,407,407,0,석관래미안,84.84,201902,21~28,66000,9,2009,화랑로
782,서울특별시 성북구 성북동,348-3,348,3,성북,37.36,201902,11~20,15500,3,1971,성북로31길
783,서울특별시 성북구 안암동3가,136-1,136,1,대광,42.61,201902,11~20,16000,1,1971,안암로9나길
784,서울특별시 성북구 안암동3가,135,135,0,삼익,98.04,201902,21~28,73000,7,1983,안암로9길
785,서울특별시 성북구 안암동4가,03월 23일,23,3,안암,61.02,201902,11~20,20800,2,1969,안암로9가길
786,서울특별시 성북구 장위동,314,314,0,그린빌아파트,84.69,201902,1~10,34300,4,2002,돌곶이로41가길
787,서울특별시 성북구 장위동,317,317,0,꿈의숲대명루첸아파트,122.021,201902,21~28,69500,3,2008,월계로36길
788,서울특별시 성북구 장위동,319,319,0,꿈의숲코오롱하늘채,84.71,201902,1~10,77000,20,2017,돌곶이로
789,서울특별시 성북구 장위동,319,319,0,꿈의숲코오롱하늘채,59.5,201902,21~28,60000,26,2017,돌곶이로
790,서울특별시 성북구 장위동,312,312,0,우방아파트,59.98,201902,21~28,32900,8,2001,화랑로
791,서울특별시 성북구 장위동,316-5,316,5,참누리아파트,59.97,201902,11~20,42700,11,2006,한천로101길
792,서울특별시 성북구 정릉동,1015,1015,0,경남,59.59,201902,11~20,38500,3,1999,정릉로
793,서울특별시 성북구 정릉동,1015,1015,0,경남,59.59,201902,11~20,39800,1,1999,정릉로
794,서울특별시 성북구 정릉동,1015,1015,0,경남,50.45,201902,21~28,35400,4,1999,정릉로
795,서울특별시 성북구 정릉동,1022,1022,0,대동황토방,114.89,201901,21~31,43500,11,2003,정릉로
796,서울특별시 성북구 정릉동,1017,1017,0,쌍용2,114.6,201902,21~28,46000,2,1999,북악산로
797,서울특별시 성북구 정릉동,1035,1035,0,정릉2차e-편한세상,84.4,201902,11~20,60500,14,2009,북악산로
798,서울특별시 성북구 정릉동,1028,1028,0,정릉e-편한세상,85.0,201902,21~28,50000,15,2006,솔샘로24길
799,서울특별시 성북구 정릉동,1019,1019,0,"정릉성원아파트 101동, 102동",59.94,201901,21~31,31750,11,2000,정릉로21길
800,서울특별시 성북구 정릉동,1019,1019,0,"정릉성원아파트 101동, 102동",59.94,201902,1~10,31900,12,2000,정릉로21길
801,서울특별시 성북구 정릉동,1019,1019,0,"정릉성원아파트 101동, 102동",84.92,201902,1~10,38600,8,2000,정릉로21길
802,서울특별시 성북구 정릉동,1019,1019,0,"정릉성원아파트 101동, 102동",59.94,201902,11~20,34700,4,2000,정릉로21길
803,서울특별시 성북구 정릉동,1020,1020,0,정릉우성아파트 101~105동,84.99,201902,1~10,47000,8,2000,북악산로
804,서울특별시 성북구 정릉동,1020,1020,0,정릉우성아파트 101~105동,46.65,201902,1~10,32000,8,2000,북악산로
805,서울특별시 성북구 정릉동,1020,1020,0,정릉우성아파트 101~105동,84.96,201902,11~20,36500,4,2000,북악산로
806,서울특별시 성북구 정릉동,210,210,0,정릉푸른마을동아,59.4,201902,11~20,38000,12,2003,서경로
807,서울특별시 성북구 정릉동,210,210,0,정릉푸른마을동아,84.96,201902,11~20,44000,7,2003,서경로
808,서울특별시 성북구 정릉동,494,494,0,정릉하이츠빌1단지,84.98,201902,11~20,53000,4,2004,아리랑로19길
809,서울특별시 성북구 정릉동,1029,1029,0,정릉한일유앤아이,82.37,201902,21~28,43000,11,2006,보국문로37길
810,서울특별시 성북구 정릉동,1031,1031,0,정릉힐스테이트3차,59.98,201902,1~10,51000,1,2008,보국문로
811,서울특별시 성북구 정릉동,1013,1013,0,청구,83.25,201901,21~31,32000,4,1999,서경로
812,서울특별시 성북구 정릉동,1018,1018,0,태영,59.42,201902,1~10,35000,5,1999,서경로
813,서울특별시 성북구 정릉동,1018,1018,0,태영,84.94,201902,11~20,47500,3,1999,서경로
814,서울특별시 성북구 정릉동,1018,1018,0,태영,59.42,201902,11~20,38000,17,1999,서경로
815,서울특별시 성북구 종암동,128,128,0,극동,59.67,201901,21~31,34500,2,2000,북악산로29길
816,서울특별시 성북구 종암동,133,133,0,래미안세레니티,84.99,201902,1~10,67000,18,2009,종암로23길
817,서울특별시 성북구 종암동,133,133,0,래미안세레니티,84.99,201902,11~20,69000,7,2009,종암로23길
818,서울특별시 성북구 종암동,133,133,0,래미안세레니티,59.97,201902,11~20,60000,6,2009,종암로23길
819,서울특별시 성북구 종암동,133,133,0,래미안세레니티,59.97,201902,21~28,59000,3,2009,종암로23길
820,서울특별시 성북구 종암동,133,133,0,래미안세레니티,59.97,201902,21~28,53000,2,2009,종암로23길
821,서울특별시 성북구 종암동,80,80,0,삼성래미안,114.98,201902,11~20,70500,11,2004,종암로25길
822,서울특별시 성북구 종암동,80,80,0,삼성래미안,59.99,201902,21~28,50700,16,2004,종암로25길
823,서울특별시 성북구 종암동,131,131,0,아이파크2차,114.698,201901,21~31,74000,1,2005,종암로9길
824,서울특별시 성북구 종암동,132,132,0,우림카이저팰리스,84.98,201902,11~20,60000,4,2008,종암로
825,서울특별시 성북구 하월곡동,225,225,0,래미안월곡,59.754,201902,1~10,50000,15,2006,오패산로
826,서울특별시 성북구 하월곡동,225,225,0,래미안월곡,59.754,201902,11~20,50000,6,2006,오패산로
827,서울특별시 성북구 하월곡동,225,225,0,래미안월곡,59.754,201902,11~20,53700,7,2006,오패산로
828,서울특별시 성북구 하월곡동,222,222,0,월곡두산위브,59.855,201901,21~31,46700,9,2003,오패산로
829,서울특별시 성북구 하월곡동,222,222,0,월곡두산위브,84.766,201902,1~10,56000,2,2003,오패산로
830,서울특별시 성북구 하월곡동,222,222,0,월곡두산위브,59.855,201902,21~28,46000,7,2003,오패산로
831,서울특별시 성북구 하월곡동,226,226,0,월곡래미안루나밸리,84.88,201902,21~28,65400,7,2007,월곡로14길
832,서울특별시 송파구 가락동,140,140,0,가락(1차)쌍용아파트,84.69,201902,21~28,81000,6,1997,동남로
833,서울특별시 송파구 가락동,53,53,0,"가락3차쌍용스윗닷홈 101동, 102동",84.99,201902,11~20,82000,5,2005,송이로21길
834,서울특별시 송파구 가락동,Jan-95,95,1,가락금호아파트,85.0,201902,1~10,87500,12,1997,송파대로32길
835,서울특별시 송파구 가락동,120-4,120,4,가락우성2,59.99,201902,21~28,56800,3,2000,중대로12길
836,서울특별시 송파구 가락동,183,183,0,동구햇살,69.4,201902,1~10,41500,4,2002,문정로13길
837,서울특별시 송파구 가락동,95,95,0,동부센트레빌,143.02,201902,21~28,117500,11,2001,송파대로32길
838,서울특별시 송파구 가락동,98,98,0,두산위브,31.0,201902,1~10,19800,9,2004,송파대로30길
839,서울특별시 송파구 가락동,199,199,0,프라자,84.67,201902,21~28,81500,3,1985,문정로
840,서울특별시 송파구 거여동,290,290,0,거여1단지,49.8,201902,1~10,48200,2,1997,양산로8길
841,서울특별시 송파구 마천동,304,304,0,마천동금호타운1,59.93,201902,1~10,59000,2,1998,마천로57길
842,서울특별시 송파구 문정동,145,145,0,문정시영,39.69,201902,21~28,47300,8,1989,송이로31길
843,서울특별시 송파구 문정동,618,618,0,파크하비오,84.9072,201902,1~10,118000,13,2016,송파대로
844,서울특별시 송파구 문정동,3,3,0,현대1,84.98,201902,11~20,90000,12,1984,동남로
845,서울특별시 송파구 문정동,150,150,0,훼밀리,84.705,201902,21~28,112200,5,1988,중대로
846,서울특별시 송파구 방이동,89,89,0,올림픽선수기자촌1단지,100.82,201901,21~31,141500,3,1988,양재대로
847,서울특별시 송파구 방이동,89,89,0,올림픽선수기자촌2단지,83.06,201902,11~20,130000,9,1988,양재대로
848,서울특별시 송파구 방이동,89,89,0,올림픽선수기자촌2단지,100.31,201902,11~20,148000,8,1988,양재대로
849,서울특별시 송파구 방이동,89,89,0,올림픽선수기자촌3단지,100.31,201902,11~20,148000,3,1988,양재대로
850,서울특별시 송파구 방이동,May-48,48,5,현대주상복합,27.23,201902,21~28,20200,6,1998,오금로11길
851,서울특별시 송파구 석촌동,216-4,216,4,석촌,148.44,201902,21~28,65000,4,2002,삼학사로8길
852,서울특별시 송파구 석촌동,03월 24일,24,3,석촌호수효성해링턴타워,15.8307,201902,1~10,29750,13,2015,석촌호수로
853,서울특별시 송파구 송파동,162,162,0,송파삼성래미안아파트,105.99,201902,1~10,100000,10,2001,오금로32길
854,서울특별시 송파구 송파동,167-1,167,1,한영해시안,63.81,201902,21~28,59800,9,2019,오금로32길
855,서울특별시 송파구 송파동,104,104,0,힐스빌,72.88,201901,21~31,39000,1,2001,백제고분로44길
856,서울특별시 송파구 신천동,7,7,0,장미1,71.2,201902,11~20,116250,8,1979,올림픽로35길
857,서울특별시 송파구 신천동,17,17,0,파크리오,84.9,201902,1~10,131000,21,2008,올림픽로
858,서울특별시 송파구 신천동,17,17,0,파크리오,59.95,201902,21~28,111500,15,2008,올림픽로
859,서울특별시 송파구 신천동,11월 09일,11,9,한신코아,64.08,201902,21~28,81200,12,1988,올림픽로35가길
860,서울특별시 송파구 오금동,Feb-81,81,2,매그놀리아(1차),80.09,201902,11~20,47000,6,2003,중대로
861,서울특별시 송파구 오금동,165,165,0,상아,122.67,201902,1~10,100000,11,1984,오금로
862,서울특별시 송파구 오금동,138,138,0,우방,59.92,201902,11~20,51000,3,2001,성내천로
863,서울특별시 송파구 오금동,138,138,0,우방,72.77,201902,11~20,59500,4,2001,성내천로
864,서울특별시 송파구 오금동,138,138,0,우방,84.95,201902,21~28,61500,2,2001,성내천로
865,서울특별시 송파구 오금동,164,164,0,우창,76.42,201902,11~20,69500,1,1985,동남로24길
866,서울특별시 송파구 오금동,43,43,0,현대(2-4차),84.98,201902,21~28,96000,14,1984,오금로35길
867,서울특별시 송파구 오금동,43,43,0,현대(2-4차),84.98,201902,21~28,101500,4,1984,오금로35길
868,서울특별시 송파구 잠실동,40,40,0,갤러리아팰리스,150.689,201902,21~28,165500,22,2005,올림픽로
869,서울특별시 송파구 잠실동,44,44,0,레이크팰리스,135.82,201902,11~20,209000,21,2006,잠실로
870,서울특별시 송파구 잠실동,22,22,0,리센츠,84.99,201901,21~31,160000,20,2008,올림픽로
871,서울특별시 송파구 잠실동,22,22,0,리센츠,84.99,201902,1~10,151000,9,2008,올림픽로
872,서울특별시 송파구 잠실동,22,22,0,리센츠,84.99,201902,1~10,151500,10,2008,올림픽로
873,서울특별시 송파구 잠실동,101-1,101,1,우성아파트,96.65,201902,11~20,140000,5,1981,올림픽로4길
874,서울특별시 송파구 잠실동,19,19,0,잠실엘스,84.8,201902,11~20,167000,16,2008,올림픽로
875,서울특별시 송파구 잠실동,19,19,0,잠실엘스,84.8,201902,11~20,152000,5,2008,올림픽로
876,서울특별시 송파구 잠실동,27,27,0,주공아파트 5단지,82.61,201902,1~10,181000,5,1978,송파대로
877,서울특별시 송파구 잠실동,35,35,0,트리지움,84.83,201902,1~10,146900,27,2007,잠실로
878,서울특별시 송파구 잠실동,35,35,0,트리지움,84.97,201902,21~28,138000,19,2007,잠실로
879,서울특별시 송파구 장지동,847,847,0,송파파인타운6단지,84.98,201902,11~20,83200,10,2008,충민로6길
880,서울특별시 송파구 장지동,879,879,0,위례22단지(비발디),51.82,201902,21~28,67000,21,2013,위례광장로
881,서울특별시 송파구 장지동,884,884,0,위례2차아이파크,90.8877,201902,11~20,120000,25,2016,위례광장로
882,서울특별시 송파구 풍납동,299-1,299,1,강변현대,83.19,201902,1~10,57000,1,1991,한가람로
883,서울특별시 송파구 풍납동,391,391,0,극동,79.945,201902,11~20,78500,9,1987,올림픽로45길
884,서울특별시 송파구 풍납동,510,510,0,신성노바빌아파트,59.78,201902,1~10,60000,18,2000,한가람로
885,서울특별시 송파구 풍납동,510,510,0,신성노바빌아파트,59.78,201902,11~20,59800,12,2000,한가람로
886,서울특별시 송파구 풍납동,413-1,413,1,현대1,83.02,201902,21~28,85000,2,1995,올림픽로
887,서울특별시 양천구 목동,752-1,752,1,극동늘푸른,59.91,201902,11~20,50000,6,1998,목동중앙본로
888,서울특별시 양천구 목동,808-5,808,5,대원칸타빌,84.97,201902,11~20,40000,7,2001,목동로
889,서울특별시 양천구 목동,714-1,714,1,두란,82.58,201902,11~20,29000,1,1996,목동중앙남로3가길
890,서울특별시 양천구 목동,521-2,521,2,두레,58.12,201902,11~20,26500,7,2002,목동중앙북로
891,서울특별시 양천구 목동,739-5,739,5,목동길성그랑프리텔,77.9337,201901,21~31,45500,6,2003,목동중앙본로7길
892,서울특별시 양천구 목동,739-5,739,5,목동길성그랑프리텔,77.9337,201902,11~20,48000,6,2003,목동중앙본로7길
893,서울특별시 양천구 목동,404-13,404,13,목동센트럴푸르지오,84.9914,201902,21~28,122000,10,2015,오목로
894,서울특별시 양천구 목동,929,929,0,목동청구한신아파트,84.77,201902,11~20,96000,8,1997,목동서로2길
895,서울특별시 양천구 목동,960,960,0,신한이모르젠,84.92,201902,1~10,49800,9,2006,목동중앙북로
896,서울특별시 양천구 목동,769-19,769,19,에이스,83.09,201902,21~28,40000,6,1997,목동중앙남로
897,서울특별시 양천구 목동,947,947,0,월드메르디앙3,84.95,201902,11~20,86500,4,2003,목동동로
898,서울특별시 양천구 목동,916,916,0,현대하이페리온,167.44,201902,11~20,200000,54,2003,목동동로
899,서울특별시 양천구 목동,916,916,0,현대하이페리온,157.97,201902,11~20,170000,46,2003,목동동로
900,서울특별시 양천구 목동,315-6,315,6,힐타운,74.05,201902,11~20,33700,7,2004,목동중앙본로19길
901,서울특별시 양천구 신월동,1045,1045,0,3차신성미소지움,84.8,201902,21~28,43300,3,2007,오목로
902,서울특별시 양천구 신월동,142-14,142,14,금하뜨라네,84.79,201902,1~10,31800,3,2008,가로공원로56길
903,서울특별시 양천구 신월동,1043,1043,0,길훈엔트런스빌,58.89,201902,11~20,31300,7,2005,곰달래로11길
904,서울특별시 양천구 신월동,1043,1043,0,길훈엔트런스빌,84.96,201902,21~28,40400,11,2005,곰달래로11길
905,서울특별시 양천구 신월동,217-2,217,2,나산,59.9,201902,11~20,23500,10,1997,남부순환로65길
906,서울특별시 양천구 신월동,607-1,607,1,동방,27.69,201902,1~10,13900,12,1999,신월로
907,서울특별시 양천구 신월동,492-23,492,23,동양브로미(102동)B,83.94,201902,21~28,31800,7,2004,오목로15길
908,서울특별시 양천구 신월동,1063,1063,0,롯데캐슬,116.375,201901,21~31,80800,9,2014,중앙로29길
909,서울특별시 양천구 신월동,1030,1030,0,방주기픈샘,80.395,201902,21~28,31000,1,2004,월정로8길
910,서울특별시 양천구 신월동,559-5,559,5,삼동5,76.11,201901,21~31,28000,5,1997,신월로10길
911,서울특별시 양천구 신월동,475,475,0,서울가든,100.8,201902,11~20,39300,2,1985,중앙로53길
912,서울특별시 양천구 신월동,350-2,350,2,신안파크,47.6,201902,11~20,15400,5,1987,지양로15길
913,서울특별시 양천구 신월동,350-2,350,2,신안파크,47.6,201902,21~28,15200,5,1987,지양로15길
914,서울특별시 양천구 신월동,987-1,987,1,신월시영,43.2,201902,1~10,30600,6,1988,신월로
915,서울특별시 양천구 신월동,987-1,987,1,신월시영,43.2,201902,11~20,30750,8,1988,신월로
916,서울특별시 양천구 신월동,987-1,987,1,신월시영,59.49,201902,11~20,41000,5,1988,신월로
917,서울특별시 양천구 신월동,987-1,987,1,신월시영,50.67,201902,21~28,34500,1,1988,신월로
918,서울특별시 양천구 신월동,480-4,480,4,예지보금자리 74차,55.69,201902,21~28,27500,3,2014,오목로15길
919,서울특별시 양천구 신월동,1058,1058,0,코아루2단지,84.95,201902,11~20,35500,3,2010,남부순환로56길
920,서울특별시 양천구 신월동,1025,1025,0,탑건진선미,83.15,201902,11~20,40000,8,2004,화곡로4길
921,서울특별시 양천구 신월동,128,128,0,태헌(신월프라자),56.97,201902,11~20,21000,9,1999,곰달래로5길
922,서울특별시 양천구 신정동,333,333,0,대림,84.89,201902,11~20,67000,8,1992,신목로5길
923,서울특별시 양천구 신정동,1308,1308,0,동원로데오(1308),82.8,201902,21~28,57000,12,2006,목동로29길
924,서울특별시 양천구 신정동,1311,1311,0,동일하이빌2단지,115.321,201902,1~10,75000,9,2005,신정로11길
925,서울특별시 양천구 신정동,326,326,0,목동신시가지12,53.46,201902,11~20,75000,10,1988,목동동로
926,서울특별시 양천구 신정동,326,326,0,목동신시가지12,53.46,201902,21~28,72000,15,1988,목동동로
927,서울특별시 양천구 신정동,327,327,0,목동신시가지13,53.9,201902,11~20,72000,3,1987,목동동로
928,서울특별시 양천구 신정동,327,327,0,목동신시가지13,70.73,201902,21~28,90000,7,1987,목동동로
929,서울특별시 양천구 신정동,329,329,0,목동신시가지14,71.4,201902,11~20,98500,10,1987,목동동로
930,서울특별시 양천구 신정동,312,312,0,목동신시가지9,106.93,201902,11~20,130000,3,1987,목동서로
931,서울특별시 양천구 신정동,312,312,0,목동신시가지9,156.84,201902,11~20,171000,2,1987,목동서로
932,서울특별시 양천구 신정동,1279,1279,0,목동현대3차,84.77,201902,11~20,84000,16,1997,목동동로12길
933,서울특별시 양천구 신정동,1323,1323,0,목동힐스테이트,100.84,201902,11~20,119000,5,2016,중앙로36길
934,서울특별시 양천구 신정동,1323,1323,0,목동힐스테이트,84.98,201902,21~28,116000,17,2016,중앙로36길
935,서울특별시 양천구 신정동,1323,1323,0,목동힐스테이트,59.95,201902,21~28,90000,8,2016,중앙로36길
936,서울특별시 양천구 신정동,918-1,918,1,삼백훼미리,78.84,201902,21~28,27200,1,2002,오목로35길
937,서울특별시 양천구 신정동,201-1,201,1,세양청마루2차주상복합,84.42,201902,11~20,42800,7,2008,목동남로4길
938,서울특별시 양천구 신정동,1259,1259,0,신트리1,49.95,201902,1~10,41000,2,1999,신정로
939,서울특별시 양천구 신정동,1259,1259,0,신트리1,49.8,201902,1~10,42500,15,1999,신정로
940,서울특별시 양천구 신정동,1277,1277,0,신트리4,49.08,201902,21~28,32800,1,2000,신정로
941,서울특별시 양천구 신정동,1322,1322,0,이펜하우스2단지,84.51,201902,21~28,56500,3,2011,신정이펜2로
942,서울특별시 양천구 신정동,1210-1,1210,1,자성,37.48,201902,21~28,31000,6,2004,중앙로39길
943,서울특별시 양천구 신정동,1281,1281,0,푸른마을2,59.85,201902,21~28,45000,7,2001,신정로7길
944,서울특별시 영등포구 당산동,376,376,0,강변래미안,108.15,201902,11~20,85000,5,2002,버드나루로
945,서울특별시 영등포구 당산동,376,376,0,강변래미안,55.91,201902,21~28,77000,8,2002,버드나루로
946,서울특별시 영등포구 당산동,121-19,121,19,계명,58.34,201902,11~20,33500,5,2002,국회대로55길
947,서울특별시 영등포구 당산동,121-108,121,108,훼미리하우스138,14.28,201902,21~28,13000,12,2013,버드나루로17길
948,서울특별시 영등포구 당산동1가,01월 16일,16,1,진로,59.4,201902,1~10,64500,12,1997,당산로
949,서울특별시 영등포구 당산동3가,566,566,0,당산계룡리슈빌2단지,46.203,201902,21~28,59000,8,2014,양산로25길
950,서울특별시 영등포구 당산동3가,02월 06일,2,6,한양,84.93,201902,11~20,76500,5,1986,영신로
951,서울특별시 영등포구 당산동4가,96,96,0,당산동반도유보라팰리스,84.99,201902,21~28,96000,14,2010,국회대로
952,서울특별시 영등포구 당산동4가,98,98,0,브라운스톤 당산,84.039,201902,21~28,80000,4,2015,영신로55길
953,서울특별시 영등포구 당산동6가,336-4,336,4,유탑유블레스,13.7067,201902,11~20,17500,7,2012,당산로49길
954,서울특별시 영등포구 당산동6가,336-4,336,4,유탑유블레스,13.7067,201902,11~20,17700,10,2012,당산로49길
955,서울특별시 영등포구 대림동,1061,1061,0,문영칸타빌레,84.89,201902,1~10,45000,9,2001,도림천로
956,서울특별시 영등포구 대림동,1124,1124,0,신대림 신동아파밀리에,126.3249,201902,11~20,65000,12,2013,도림로54길
957,서울특별시 영등포구 대림동,762-1,762,1,우성1,83.59,201902,1~10,53000,15,1985,도림로
958,서울특별시 영등포구 대림동,762-1,762,1,우성1,52.07,201902,11~20,42950,13,1985,도림로
959,서울특별시 영등포구 대림동,695,695,0,우성2,79.91,201902,11~20,53500,8,1992,도림로47길
960,서울특별시 영등포구 도림동,231-1,231,1,한라,59.85,201902,21~28,41900,14,1998,도신로15라길
961,서울특별시 영등포구 문래동3가,78,78,0,문래우정,84.99,201902,21~28,70000,14,1998,도림로
962,서울특별시 영등포구 문래동5가,01월 23일,23,1,현대5,84.79,201902,11~20,56500,9,1992,선유서로9길
963,서울특별시 영등포구 문래동6가,45,45,0,현대2,59.85,201901,21~31,53000,13,1987,문래로4길
964,서울특별시 영등포구 문래동6가,Jan-55,55,1,현대6,114.57,201901,21~31,69500,5,1997,선유서로
965,서울특별시 영등포구 신길동,364,364,0,건영,60.27,201901,21~31,53500,12,1985,도림로
966,서울특별시 영등포구 신길동,Jan-67,67,1,경남,84.96,201902,1~10,76300,7,1999,영등포로
967,서울특별시 영등포구 신길동,4950,4950,0,래미안에스티움,84.97,201902,1~10,106800,10,2017,신풍로
968,서울특별시 영등포구 신길동,4950,4950,0,래미안에스티움,84.97,201902,11~20,103000,2,2017,신풍로
969,서울특별시 영등포구 신길동,897-1,897,1,삼환,84.84,201902,21~28,68300,3,1997,여의대방로43라길
970,서울특별시 영등포구 신길동,401,401,0,슈와이,82.39,201902,21~28,35000,5,2004,도림로81길
971,서울특별시 영등포구 신길동,261-22,261,22,신길레전드 힐스,13.74,201902,1~10,10200,12,2013,가마산로
972,서울특별시 영등포구 신길동,261-22,261,22,신길레전드 힐스,13.74,201902,11~20,9500,13,2013,가마산로
973,서울특별시 영등포구 신길동,261-22,261,22,신길레전드 힐스,13.74,201902,21~28,10400,17,2013,가마산로
974,서울특별시 영등포구 신길동,4942,4942,0,여의도리버뷰,12.96,201902,21~28,12500,5,2012,여의대방로61길
975,서울특별시 영등포구 신길동,4501,4501,0,우창,55.9,201902,1~10,59500,9,1983,여의대방로5길
976,서울특별시 영등포구 신길동,65-21,65,21,프리가,18.52,201902,11~20,14200,5,2013,영등포로
977,서울특별시 영등포구 양평동2가,23,23,0,벽산,59.58,201902,21~28,46000,7,1990,선유서로21길
978,서울특별시 영등포구 양평동3가,79,79,0,현대,84.55,201902,11~20,68000,16,1991,선유동2로
979,서울특별시 영등포구 여의도동,Apr-43,43,4,롯데캐슬아이비,137.09,201902,21~28,119500,21,2005,국제금융로
980,서울특별시 영등포구 여의도동,Feb-30,30,2,삼부,92.13,201902,21~28,131000,13,1975,국제금융로7길
981,서울특별시 영등포구 여의도동,32,32,0,수정,74.55,201902,21~28,110000,10,1976,국제금융로7길
982,서울특별시 영등포구 여의도동,11월 01일,11,1,순복음(초원),66.94,201902,11~20,62000,12,1971,국회대로76가길
983,서울특별시 영등포구 여의도동,42,42,0,한양,105.72,201902,21~28,122500,4,1975,국제금융로
984,서울특별시 영등포구 영등포동1가,145,145,0,(145-0),14.24,201902,21~28,12000,11,2012,경인로114길
985,서울특별시 영등포구 영등포동1가,145,145,0,(145-0),14.24,201902,21~28,12000,3,2012,경인로114길
986,서울특별시 영등포구 영등포동1가,113-1,113,1,여의도시티아이,12.59,201902,21~28,12800,14,2013,경인로
987,서울특별시 영등포구 영등포동1가,144,144,0,헤렌어반,14.512,201902,11~20,10550,3,2011,경인로114가길
988,서울특별시 영등포구 영등포동1가,144,144,0,헤렌어반,18.169,201902,11~20,13800,8,2011,경인로114가길
989,서울특별시 영등포구 영등포동3가,02월 19일,19,2,포레스트힐 시티,13.53,201902,11~20,12000,10,2014,영중로6길
990,서울특별시 영등포구 영등포동7가,94-51,94,51,훼미리하우스117,16.98,201902,21~28,13000,12,2012,버드나루로
991,서울특별시 용산구 도원동,03월 04일,3,4,제일1,45.26,201902,11~20,28000,4,1971,새창로12길
992,서울특별시 용산구 문배동,04월 24일,24,4,용산큐브,13.01,201902,1~10,20200,15,2013,백범로90길
993,서울특별시 용산구 문배동,08월 24일,24,8,프라임팰리스,13.51,201902,11~20,17400,14,2012,백범로90길
994,서울특별시 용산구 산천동,193,193,0,리버힐삼성,114.48,201902,11~20,117500,19,2001,효창원로
995,서울특별시 용산구 서빙고동,241-21,241,21,신동아,166.98,201902,21~28,207500,8,1984,이촌로
996,서울특별시 용산구 이촌동,402,402,0,강촌,84.77,201902,11~20,119000,2,1998,이촌로87길
997,서울특별시 용산구 이촌동,411,411,0,동아그린,43.02,201902,11~20,70000,12,1999,이촌로
998,서울특별시 용산구 이촌동,422,422,0,북한강(성원),59.55,201902,1~10,99000,8,2001,이촌로2가길
999,서울특별시 용산구 이촌동,399-1,399,1,우성,114.74,201902,21~28,148000,8,1995,이촌로
1000,서울특별시 용산구 이촌동,404,404,0,한가람,84.96,201902,11~20,146500,1,1998,이촌로71길
1001,서울특별시 용산구 이촌동,300-23,300,23,한강맨숀,101.95,201901,21~31,220000,2,1971,이촌로
1002,서울특별시 용산구 이촌동,300-23,300,23,한강맨숀,101.95,201902,11~20,200000,1,1971,이촌로
1003,서울특별시 용산구 이태원동,02월 22일,22,2,청화1,104.66,201901,21~31,138000,10,1982,장문로
1004,서울특별시 용산구 이태원동,02월 22일,22,2,청화1,106.15,201902,11~20,115000,1,1982,장문로
1005,서울특별시 용산구 한강로1가,64,64,0,대우월드마크용산,107.626,201902,21~28,103000,4,2007,한강대로
1006,서울특별시 용산구 한남동,258,258,0,리버티하우스,217.42,201902,1~10,162000,8,2001,독서당로
1007,서울특별시 용산구 한남동,810,810,0,한남더힐,240.23,201902,1~10,630000,-2,2011,독서당로
1008,서울특별시 용산구 한남동,810,810,0,한남더힐,59.68600000000001,201902,21~28,188000,3,2011,독서당로
1009,서울특별시 용산구 한남동,810,810,0,한남더힐,59.68600000000001,201902,21~28,188000,3,2011,독서당로
1010,서울특별시 용산구 한남동,Jan-72,72,1,한남동리첸시아,37.53,201902,1~10,52000,11,2004,한남대로
1011,서울특별시 용산구 한남동,828,828,0,한남아이파크애비뉴,47.8105,201902,1~10,76000,9,2017,독서당로
1012,서울특별시 용산구 후암동,423-1,423,1,후암미주,62.78,201902,1~10,63000,5,1980,후암로
1013,서울특별시 용산구 후암동,423-1,423,1,후암미주,64.26,201902,21~28,70000,5,1980,후암로
1014,서울특별시 은평구 갈현동,541-1,541,1,갈현건영,82.94,201902,11~20,33200,2,2001,갈현로45길
1015,서울특별시 은평구 갈현동,541-1,541,1,갈현건영,77.25,201902,11~20,31500,2,2001,갈현로45길
1016,서울특별시 은평구 갈현동,467-2,467,2,역촌맨션,53.2,201902,11~20,24000,2,1973,연서로19길
1017,서울특별시 은평구 갈현동,467-2,467,2,역촌맨션,65.78,201902,11~20,24000,6,1973,연서로17길
1018,서울특별시 은평구 갈현동,540,540,0,우남,59.92,201902,11~20,25900,4,1998,서오릉로
1019,서울특별시 은평구 갈현동,281-236,281,236,인우(281-236),76.65,201902,21~28,38000,2,1999,갈현로37길
1020,서울특별시 은평구 갈현동,545,545,0,코오롱하늘채,84.9462,201902,11~20,49000,9,2003,갈현로29길
1021,서울특별시 은평구 갈현동,539,539,0,한솔,114.98,201902,21~28,42500,8,1997,갈현로23길
1022,서울특별시 은평구 갈현동,542-1,542,1,현재트윈빌,170.1,201902,21~28,50000,4,2000,서오릉로20길
1023,서울특별시 은평구 구산동,547,547,0,갈현1단지e-편한세상,122.57799999999999,201902,1~10,54000,12,2004,서오릉로21길
1024,서울특별시 은평구 구산동,547,547,0,갈현1단지e-편한세상,59.887,201902,11~20,38300,12,2004,서오릉로21길
1025,서울특별시 은평구 구산동,547,547,0,갈현1단지e-편한세상,84.618,201902,11~20,42000,9,2004,서오릉로21길
1026,서울특별시 은평구 구산동,547,547,0,갈현1단지e-편한세상,84.618,201902,21~28,42000,6,2004,서오릉로21길
1027,서울특별시 은평구 구산동,382,382,0,갈현현대,84.83,201902,1~10,35000,14,1998,서오릉로21길
1028,서울특별시 은평구 구산동,382,382,0,갈현현대,53.54,201902,11~20,21000,3,1998,서오릉로21길
1029,서울특별시 은평구 구산동,382,382,0,갈현현대,59.94,201902,21~28,28650,7,1998,서오릉로21길
1030,서울특별시 은평구 구산동,224,224,0,경남아너스빌,84.69,201902,1~10,41500,11,2004,갈현로11길
1031,서울특별시 은평구 구산동,546,546,0,대림e-편한세상2,59.886,201902,11~20,34000,3,2004,서오릉로21길
1032,서울특별시 은평구 녹번동,280-1,280,1,녹번JR아파트,59.86600000000001,201902,11~20,45300,8,2002,통일로
1033,서울특별시 은평구 녹번동,176-22,176,22,유일아트리움,53.54,201902,1~10,38000,12,2016,응암로
1034,서울특별시 은평구 대조동,09월 29일,9,29,뉴캐슬,16.56,201902,11~20,13400,9,2013,불광로1길
1035,서울특별시 은평구 대조동,231,231,0,삼성타운,122.68,201902,21~28,60000,8,1997,서오릉로
1036,서울특별시 은평구 대조동,231,231,0,삼성타운,84.82,201902,21~28,51000,18,1997,서오릉로
1037,서울특별시 은평구 대조동,15-114,15,114,정익제이원아파트(15-114),26.65,201902,21~28,22450,7,2015,통일로65길
1038,서울특별시 은평구 대조동,172-75,172,75,호림리슈리안,56.83,201902,11~20,46000,11,2018,서오릉로
1039,서울특별시 은평구 불광동,285-18,285,18,경인에버빌(285-18),28.18,201902,21~28,30000,13,2018,통일로
1040,서울특별시 은평구 불광동,391-68,391,68,대광월드,82.83,201902,1~10,33000,1,2003,통일로88길
1041,서울특별시 은평구 불광동,248,248,0,라이프미성,125.75,201902,11~20,74000,5,1988,통일로
1042,서울특별시 은평구 불광동,248,248,0,라이프미성,84.65,201902,11~20,61500,15,1988,통일로
1043,서울특별시 은평구 불광동,643,643,0,북한산 힐스테이트7차,59.981,201902,21~28,70100,10,2011,통일로
1044,서울특별시 은평구 불광동,637,637,0,북한산래미안아파트(2단지),59.9932,201902,21~28,64000,9,2010,진흥로
1045,서울특별시 은평구 불광동,633,633,0,북한산현대홈타운,59.9765,201902,21~28,58000,3,2004,불광로2길
1046,서울특별시 은평구 불광동,641,641,0,북한산현대힐스테이트3차아파트,59.99,201902,1~10,59000,6,2010,불광로
1047,서울특별시 은평구 불광동,484-90,484,90,윤현(484-90),79.45,201902,21~28,34800,1,1998,통일로82길
1048,서울특별시 은평구 불광동,330-14,330,14,청나아파트,84.05,201902,1~10,31000,3,2003,통일로72길
1049,서울특별시 은평구 수색동,345-4,345,4,제일아파트가동(345-4),90.06,201902,11~20,46278,1,2007,수색로20길
1050,서울특별시 은평구 신사동,356,356,0,뉴신사신성,84.42,201902,1~10,34000,7,1993,은평터널로
1051,서울특별시 은평구 신사동,140-1,140,1,라이프미성,63.53,201902,21~28,33000,7,1987,증산로15길
1052,서울특별시 은평구 신사동,354,354,0,라이프씨티,83.04,201902,11~20,32500,14,1992,갈현로3다길
1053,서울특별시 은평구 신사동,19-162,19,162,명남더블레스(19-162),52.29,201902,11~20,45800,10,2018,가좌로
1054,서울특별시 은평구 신사동,19-162,19,162,명남더블레스(19-162),52.29,201902,21~28,45800,6,2018,가좌로
1055,서울특별시 은평구 신사동,361,361,0,삼부,86.55,201902,1~10,37000,3,2001,증산로21길
1056,서울특별시 은평구 신사동,09월 23일,23,9,정은노블스A,83.66,201902,1~10,39200,3,2006,증산로
1057,서울특별시 은평구 신사동,359,359,0,현대1,84.17,201902,11~20,31000,1,1997,은평터널로
1058,서울특별시 은평구 신사동,359,359,0,현대1,84.17,201902,21~28,39500,1,1997,은평터널로
1059,서울특별시 은평구 역촌동,32-37,32,37,서안,84.48,201902,11~20,34500,2,2003,연서로6길
1060,서울특별시 은평구 역촌동,Dec-85,85,12,센타폴리스,106.38,201902,21~28,60000,6,2004,연서로
1061,서울특별시 은평구 역촌동,17-17,17,17,위산엘리시움,55.61,201902,11~20,39000,12,2018,진흥로9길
1062,서울특별시 은평구 역촌동,17-17,17,17,위산엘리시움,52.49,201902,21~28,38400,4,2018,진흥로9길
1063,서울특별시 은평구 역촌동,231,231,0,한국리치빌,84.2164,201902,1~10,46000,3,2003,연서로3가길
1064,서울특별시 은평구 응암동,742-3,742,3,남청파인힐,60.9,201902,21~28,30000,5,2001,응암로
1065,서울특별시 은평구 응암동,176,176,0,대우푸르지오,59.58,201901,21~31,47000,13,2008,백련산로
1066,서울특별시 은평구 응암동,176,176,0,대우푸르지오,84.2,201902,1~10,46500,7,2008,백련산로
1067,서울특별시 은평구 응암동,176,176,0,대우푸르지오,59.58,201902,11~20,42200,3,2008,백련산로
1068,서울특별시 은평구 응암동,669-1,669,1,대주파크빌,128.92,201902,21~28,49000,3,2003,백련산로
1069,서울특별시 은평구 응암동,116-26,116,26,드림캐시아1,59.38,201902,11~20,35400,12,2011,응암로
1070,서울특별시 은평구 응암동,759,759,0,백련산힐스테이트1차,59.93,201902,21~28,53000,7,2011,백련산로2길
1071,서울특별시 은평구 응암동,759,759,0,백련산힐스테이트1차,59.85,201902,21~28,55000,7,2011,백련산로2길
1072,서울특별시 은평구 응암동,760,760,0,백련산힐스테이트2차,84.59,201902,1~10,56000,1,2011,백련산로
1073,서울특별시 은평구 응암동,Mar-97,97,3,서안에이스,108.73,201901,21~31,44000,5,2004,백련산로
1074,서울특별시 은평구 증산동,254,254,0,DMC문영퀸즈파크,84.97,201902,21~28,42000,2,2004,증산로13길
1075,서울특별시 은평구 증산동,254,254,0,DMC문영퀸즈파크,84.97,201902,21~28,41750,9,2004,증산로13길
1076,서울특별시 은평구 증산동,257,257,0,베로니스,53.38,201901,21~31,47500,4,2019,증산로
1077,서울특별시 은평구 증산동,257,257,0,베로니스,54.25,201902,1~10,48300,12,2019,증산로
1078,서울특별시 은평구 증산동,257,257,0,베로니스,54.25,201902,1~10,48000,2,2019,증산로
1079,서울특별시 은평구 증산동,257,257,0,베로니스,54.84,201902,1~10,47500,3,2019,증산로
1080,서울특별시 은평구 증산동,257,257,0,베로니스,54.25,201902,1~10,49700,6,2019,증산로
1081,서울특별시 은평구 증산동,257,257,0,베로니스,54.84,201902,1~10,49300,6,2019,증산로
1082,서울특별시 은평구 진관동,25,25,0,은평뉴타운 구파발(삼성래미안9단지),166.98,201901,21~31,91000,4,2010,진관3로
1083,서울특별시 은평구 진관동,25,25,0,은평뉴타운 구파발(삼성래미안9단지),84.84,201902,21~28,69500,6,2010,진관3로
1084,서울특별시 은평구 진관동,101,101,0,은평뉴타운 박석고개(힐스테이트12단지),84.49,201902,1~10,69000,13,2009,진관1로
1085,서울특별시 은평구 진관동,83,83,0,은평뉴타운 우물골(두산위브5단지),59.37,201902,11~20,56500,5,2009,진관2로
1086,서울특별시 은평구 진관동,81,81,0,은평뉴타운 우물골(두산위브6단지),84.71,201902,11~20,70000,8,2009,진관2로
1087,서울특별시 은평구 진관동,20,20,0,은평뉴타운상림마을(롯데캐슬A-12),84.97,201902,21~28,69000,8,2008,진관3로
1088,서울특별시 은평구 진관동,6,6,0,은평뉴타운상림마을(현대아이파크B-4),84.83,201902,1~10,60000,3,2008,진관4로
1089,서울특별시 은평구 진관동,65,65,0,은평뉴타운엘크루,59.98,201902,1~10,58000,18,2017,진관3로
1090,서울특별시 종로구 명륜1가,May-45,45,5,아마레스,84.59,201902,11~20,59500,4,2002,혜화로5길
1091,서울특별시 종로구 사직동,9,9,0,광화문풍림스페이스본(101동~105동),147.31,201901,21~31,119000,1,2008,사직로8길
1092,서울특별시 종로구 숭인동,296-19,296,19,삼전솔하임2차,16.67,201902,1~10,12850,9,2012,종로58가길
1093,서울특별시 종로구 숭인동,318-2,318,2,삼전솔하임4차,15.09,201902,1~10,13700,15,2014,지봉로4길
1094,서울특별시 종로구 숭인동,318-2,318,2,삼전솔하임4차,15.09,201902,11~20,14000,14,2014,지봉로4길
1095,서울특별시 종로구 숭인동,1421-1,1421,1,종로동광모닝스카이,15.855,201901,21~31,12200,14,2013,난계로29가길
1096,서울특별시 종로구 연건동,195-10,195,10,이화에수풀,16.98,201902,1~10,19400,4,2014,대학로
1097,서울특별시 종로구 연건동,195-10,195,10,이화에수풀,16.98,201902,21~28,19300,10,2014,대학로
1098,서울특별시 종로구 창신동,601-2,601,2,MID그린(3동),58.91,201902,1~10,25400,2,2002,창신길
1099,서울특별시 종로구 창신동,640-252,640,252,성용,58.23,201902,11~20,26800,2,1994,창신4가길
1100,서울특별시 종로구 창신동,703,703,0,창신쌍용2,79.87,201902,11~20,53500,4,1993,낙산길
1101,서울특별시 종로구 평동,233,233,0,경희궁자이(3단지),59.855,201902,11~20,121500,6,2017,경교장길
1102,서울특별시 종로구 평창동,45,45,0,벽산블루밍평창힐스,150.94,201902,1~10,95000,5,2004,평창문화로
1103,서울특별시 종로구 홍파동,199,199,0,경희궁자이(2단지),116.986,201902,11~20,210000,15,2017,송월길
1104,서울특별시 중구 남창동,205-44,205,44,경서,36.58,201902,11~20,18700,6,1970,퇴계로2길
1105,서울특별시 중구 신당동,844,844,0,남산타운,114.88,201902,1~10,113000,1,2002,다산로
1106,서울특별시 중구 신당동,140-23,140,23,신당역솔하임,14.08,201902,21~28,21000,19,2016,퇴계로
1107,서울특별시 중구 신당동,842,842,0,약수하이츠,57.63,201902,11~20,68000,12,1999,동호로10길
1108,서울특별시 중구 오장동,206-34,206,34,이지마루오장,23.94,201902,11~20,29800,14,2018,마른내로
1109,서울특별시 중구 충무로4가,120-3,120,3,진양상가,101.19,201902,21~28,53000,8,1970,퇴계로
1110,서울특별시 중구 충무로5가,Feb-36,36,2,충무로엘크루메크로시티2,22.75,201902,1~10,23400,17,2016,퇴계로49길
1111,서울특별시 중구 황학동,2545,2545,0,롯데캐슬,84.97,201902,1~10,73800,19,2008,청계천로
1112,서울특별시 중구 황학동,2545,2545,0,롯데캐슬,114.9,201902,11~20,82000,26,2008,청계천로
1113,서울특별시 중구 황학동,981,981,0,중구리버빌,83.59,201902,11~20,39500,2,2003,난계로13길
1114,서울특별시 중구 황학동,2523,2523,0,황학아크로타워,149.06,201902,1~10,86000,8,2010,퇴계로
1115,서울특별시 중구 황학동,2523,2523,0,황학아크로타워,149.06,201902,1~10,86000,8,2010,퇴계로
1116,서울특별시 중구 회현동1가,208,208,0,남산 롯데캐슬 아이리스,133.98,201902,21~28,134000,29,2011,소공로
1117,서울특별시 중구 회현동1가,Feb-97,97,2,평화,56.08,201902,21~28,29000,6,1976,퇴계로8길
1118,서울특별시 중랑구 망우동,506-8,506,8,EG Soul Leader,13.07,201902,11~20,9400,7,2012,상봉로
1119,서울특별시 중랑구 망우동,506-8,506,8,EG Soul Leader,13.42,201902,21~28,9400,5,2012,상봉로
1120,서울특별시 중랑구 망우동,506-8,506,8,EG Soul Leader,13.42,201902,21~28,8900,6,2012,상봉로
1121,서울특별시 중랑구 망우동,573,573,0,신원,84.87,201901,21~31,36800,9,1999,망우로
1122,서울특별시 중랑구 망우동,573,573,0,신원,59.62,201902,21~28,29500,17,1999,망우로
1123,서울특별시 중랑구 망우동,178-80,178,80,염광,69.1,201902,11~20,29900,5,1984,망우로81길
1124,서울특별시 중랑구 면목동,1529,1529,0,경남아너스빌,59.981,201902,11~20,51000,8,2006,답십리로75길
1125,서울특별시 중랑구 면목동,715,715,0,늘푸른동아,59.65,201902,11~20,42500,13,2002,동일로
1126,서울특별시 중랑구 면목동,715,715,0,늘푸른동아,114.73,201902,21~28,61000,17,2002,동일로
1127,서울특별시 중랑구 면목동,178-50,178,50,다울101동,84.92,201902,11~20,34200,3,2003,겸재로9길
1128,서울특별시 중랑구 면목동,581,581,0,대원칸타빌,79.5359,201902,1~10,56000,4,2003,용마산로
1129,서울특별시 중랑구 면목동,1508,1508,0,동원베네스트,84.86,201902,11~20,50000,13,2003,사가정로41길
1130,서울특별시 중랑구 면목동,1505,1505,0,리치카운티,59.923,201902,11~20,40800,5,2004,겸재로29길
1131,서울특별시 중랑구 면목동,1513,1513,0,면목삼호101,83.27,201902,11~20,40700,1,2000,용마산로
1132,서울특별시 중랑구 면목동,354-12,354,12,용마,76.08,201902,11~20,37000,4,2006,면목로30가길
1133,서울특별시 중랑구 면목동,494,494,0,용마금호타운,84.9,201902,11~20,50000,2,1992,용마산로
1134,서울특별시 중랑구 면목동,1520,1520,0,일신강변,59.99,201902,21~28,29000,7,1999,중랑천로
1135,서울특별시 중랑구 면목동,126-1,126,1,킴스아파트,35.75,201902,11~20,29900,9,2018,면목로
1136,서울특별시 중랑구 면목동,126-1,126,1,킴스아파트,35.75,201902,11~20,29700,14,2018,면목로
1137,서울특별시 중랑구 면목동,193-1,193,1,한신,44.5,201902,1~10,31300,8,1987,중랑천로
1138,서울특별시 중랑구 면목동,193-1,193,1,한신,45.44,201902,21~28,29500,8,1987,중랑천로
1139,서울특별시 중랑구 면목동,1502,1502,0,현대,84.09,201902,21~28,55300,14,1994,용마산로
1140,서울특별시 중랑구 묵동,388,388,0,동구햇살,84.97,201902,1~10,45000,7,2004,동일로169길
1141,서울특별시 중랑구 묵동,387,387,0,브라운스톤태릉,101.9481,201902,1~10,63300,13,2004,공릉로18길
1142,서울특별시 중랑구 묵동,13,13,0,신내,49.77,201902,1~10,32400,4,1996,숙선옹주로
1143,서울특별시 중랑구 묵동,385,385,0,현대아이파크,84.9416,201902,11~20,59300,17,2002,중랑천로
1144,서울특별시 중랑구 상봉동,63,63,0,건영2차아파트,84.96,201902,21~28,49000,16,1996,신내로7나길
1145,서울특별시 중랑구 상봉동,499,499,0,건영캐스빌,84.6475,201901,21~31,68750,14,2006,상봉중앙로8길
1146,서울특별시 중랑구 상봉동,495,495,0,동부아파트,84.99,201902,1~10,48500,10,1999,신내로7가길
1147,서울특별시 중랑구 상봉동,113,113,0,상봉어반뷰,15.31,201902,1~10,13630,18,2018,면목로
1148,서울특별시 중랑구 상봉동,113-1,113,1,포시티,14.855,201902,1~10,13000,7,2014,면목로
1149,서울특별시 중랑구 상봉동,500,500,0,프레미어스엠코,111.56,201902,11~20,82000,9,2013,망우로
1150,서울특별시 중랑구 상봉동,May-81,81,5,한일써너스빌,84.98100000000001,201902,1~10,65000,19,2003,망우로
1151,서울특별시 중랑구 신내동,797,797,0,동성7,59.34,201902,21~28,29000,13,1999,신내로14길
1152,서울특별시 중랑구 신내동,487,487,0,라이프미성,59.6,201902,11~20,28450,9,1992,용마산로129나길
1153,서울특별시 중랑구 신내동,783,783,0,성원,84.32,201902,21~28,45000,7,1994,신내로
1154,서울특별시 중랑구 신내동,783,783,0,성원,84.32,201902,21~28,42000,20,1994,신내로
1155,서울특별시 중랑구 신내동,650,650,0,신내6대주,49.77,201902,1~10,32500,1,1996,신내로19길
1156,서울특별시 중랑구 신내동,650,650,0,신내6대주,39.84,201902,11~20,27300,3,1996,신내로19길
1157,서울특별시 중랑구 신내동,656,656,0,화성,84.99,201901,21~31,52000,12,1995,신내로
1158,서울특별시 중랑구 중화동,208-4,208,4,범양프레체,17.94,201902,21~28,12200,14,2012,중랑천로14길
1159,서울특별시 중랑구 중화동,438,438,0,삼익,59.34,201901,21~31,29500,11,1995,중랑역로
1160,서울특별시 중랑구 중화동,450,450,0,한신1차,50.37,201902,11~20,36900,4,1997,동일로
1161,서울특별시 중랑구 중화동,450,450,0,한신1차,50.37,201902,21~28,36500,24,1997,동일로
1162,서울특별시 중랑구 중화동,450,450,0,한신2,84.03,201902,1~10,54400,6,1998,동일로
1163,서울특별시 중랑구 중화동,11,11,0,현대휴앤미,82.17,201901,21~31,34500,7,2007,봉화산로27가길
